Barki,Gulshan colony,37 min,10
Barki,askari 10,27 min,13.8
Barki,saddar,36 min,17.4
Barki,sherpo bridge,35 min,19.7
Barki,new campus,48 min,29.1
Barki,defence mor,31 min,18.0
Barki,ghazi road,30 min,10
Barki,bhatta chowk,1 hr 5 min,53.7
Barki,ra bazar,36 min,19.3
Barki,firdus market,38 min,21.5
Barki,shah tajj market,33 min,18.7
Barki,walton station,33 min,18.7
Barki,kalma chowk,44 min,25.3
Barki,garden town,41 min,24.3
Barki,shiekh welfare hospital,14 hr 27 min,24.3
Barki,imamia colony,57 min,38.9
Barki,ravi pull,48 min,35.0
Barki,bhatti gate,46 min,35.5
Barki,old campus,48 min,25.3
Barki,shahdra station,47 min,35.1
Barki,shahdara chowk,49 min,35.3
Barki,kot abdul malik toll plaza,1 hr 3 min,43.4
Barki,baghm kot,51 min,36.7
Barki,basi mor,36 min,23.6
Barki,shalimar,37 min,18.3
Barki,mughal pura,39 min,22.6
Barki,Dhrampora,39 min,22.6
Barki,Jailroad Pull,39 min,22.3
Barki,Golbagh,44 min,31.2
Barki,Taj pura,46 min,31.7
Barki,Chmra Mandi,46 min,27.2
Barki,Misri shah,44 min,31.8
Barki,Duece road,43 min,23.1
Barki,China Chownk,39 min,26.9
Barki,Shadman,41 min,23.8
Barki,Service hospital,52 min,29.1
Barki,Nadeem chownk,35 min,19.4
Barki,GPO,47 min,24.8
Barki,UET,42 min,25.1
Barki,Simla phari,43 min,22.9
Barki,Engneering University,47 min,38.7
Barki,Green Town,51 min,27.3
Barki,Sadiq Chownk,51 min,10
Barki,Barkat chownk,51 min,26.9
Barki,Town ship,48 min,28.8
Barki,Model Town,44 min,25.9
Barki,General Hospital,40 min,19.5
Barki,Muslim Town,42 min,24.0
Barki,Multan Chungi,53 min,31.8
Barki,Smanabad,49 min,27.5
Barki,Chuburji,47 min,27.0
Barki,MOA College,50 min,26.1
Barki,Sherakot,54 min,40.7
Barki,Liaqat chownk,56 min,30.7
Barki,Phela gol chakr samanbad,32 min,15.5
Barki,masjid kizra,47 min,26.3
Barki,gulashan ravi,53 min,39.9
Barki,yeteeem khana,54 min,30.1
Barki,awaan town,57 min,31.7
Barki,dubai chownk,49 min,27.9
Barki,asif block,48 min,27.9
Barki,abu bkr chownk,51 min,26.9
Barki,usman chownk,47 min,31.1
Barki,Butt chownk,53 min,30.4
Barki,Faisal Town,46 min,27.6
Barki,Chungi amrsandu,40 min,19.7
Barki,Ywanaabad,35 min,26.6
Barki,kala shah kaku,49 min,42.3
Barki,wahdatroad,42 min,25.5
Barki,Ichraaa,46 min,26.6
Barki,Jnazgah,46 min,26.6
Barki,allama iqbal town,53 min,30.4
Barki,dubai chownk,49 min,27.9
Gulshan colony,askari 10,29 min,15.9
Gulshan colony,saddar,22 min,13.4
Gulshan colony,sherpo bridge,15 min,10.6
Gulshan colony,new campus,17 min,11.0
Gulshan colony,defence mor,10 min,5.0
Gulshan colony,ghazi road,9 min,5.5
Gulshan colony,bhatta chowk,49 min,39.7
Gulshan colony,ra bazar,13 min,7.0
Gulshan colony,firdus market,12 min,7.9
Gulshan colony,shah tajj market,9 min,4.5
Gulshan colony,walton station,9 min,4.5
Gulshan colony,kalma chowk,7 min,5.0
Gulshan colony,garden town,9 min,6.4
Gulshan colony,shiekh welfare hospital,14 hr 2 min,6.4
Gulshan colony,imamia colony,47 min,23.8
Gulshan colony,ravi pull,37 min,19.9
Gulshan colony,bhatti gate,26 min,15.1
Gulshan colony,old campus,21 min,13.3
Gulshan colony,shahdra station,36 min,20.1
Gulshan colony,shahdara chowk,38 min,20.3
Gulshan colony,kot abdul malik toll plaza,46 min,32.3
Gulshan colony,baghm kot,41 min,21.6
Gulshan colony,basi mor,35 min,21.0
Gulshan colony,shalimar,23 min,15.6
Gulshan colony,mughal pura,22 min,15.0
Gulshan colony,Dhrampora,22 min,15.0
Gulshan colony,Jailroad Pull,14 min,10.0
Gulshan colony,Golbagh,36 min,19.0
Gulshan colony,Taj pura,35 min,18.5
Gulshan colony,Chmra Mandi,27 min,16.6
Gulshan colony,Misri shah,33 min,18.0
Gulshan colony,Duece road,20 min,13.5
Gulshan colony,China Chownk,38 min,19.8
Gulshan colony,Shadman,15 min,9.5
Gulshan colony,Service hospital,21 min,12.4
Gulshan colony,Nadeem chownk,13 min,6.8
Gulshan colony,GPO,20 min,13.3
Gulshan colony,UET,25 min,15.7
Gulshan colony,Simla phari,20 min,13.3
Gulshan colony,Engneering University,30 min,15.3
Gulshan colony,Green Town,15 min,9.0
Gulshan colony,Sadiq Chownk,14 min,7.5
Gulshan colony,Barkat chownk,14 min,6.7
Gulshan colony,Town ship,13 min,6.3
Gulshan colony,Model Town,10 min,6.4
Gulshan colony,General Hospital,3 min,1.9
Gulshan colony,Muslim Town,11 min,7.3
Gulshan colony,Multan Chungi,22 min,13.8
Gulshan colony,Smanabad,20 min,12.6
Gulshan colony,Chuburji,17 min,11.6
Gulshan colony,MOA College,20 min,13.0
Gulshan colony,Sherakot,29 min,16.7
Gulshan colony,Liaqat chownk,26 min,13.9
Gulshan colony,Phela gol chakr samanbad,23 min,11.7
Gulshan colony,masjid kizra,30 min,16.7
Gulshan colony,gulashan ravi,24 min,14.0
Gulshan colony,yeteeem khana,24 min,13.4
Gulshan colony,awaan town,27 min,13.7
Gulshan colony,dubai chownk,18 min,11.2
Gulshan colony,asif block,17 min,10.7
Gulshan colony,abu bkr chownk,14 min,6.7
Gulshan colony,usman chownk,31 min,17.7
Gulshan colony,Butt chownk,17 min,9.2
Gulshan colony,Faisal Town,15 min,9.6
Gulshan colony,Chungi amrsandu,4 min,2.1
Gulshan colony,Ywanaabad,10 min,6.4
Gulshan colony,kala shah kaku,51 min,50.0
Gulshan colony,wahdatroad,10 min,7.5
Gulshan colony,Ichraaa,15 min,11.2
Gulshan colony,Jnazgah,15 min,11.2
Gulshan colony,allama iqbal town,22 min,12.3
Gulshan colony,dubai chownk,18 min,11.2
askari 10,saddar,18 min,7.7
askari 10,sherpo bridge,14 min,8.6
askari 10,new campus,28 min,19.0
askari 10,defence mor,17 min,9.5
askari 10,ghazi road,21 min,10.5
askari 10,bhatta chowk,55 min,53.7
askari 10,ra bazar,15 min,8.3
askari 10,firdus market,23 min,11.5
askari 10,shah tajj market,19 min,10.2
askari 10,walton station,19 min,10.2
askari 10,kalma chowk,25 min,15.0
askari 10,garden town,24 min,14.5
askari 10,shiekh welfare hospital,14 hr 12 min,14.5
askari 10,imamia colony,42 min,30.7
askari 10,ravi pull,31 min,26.8
askari 10,bhatti gate,30 min,27.3
askari 10,old campus,27 min,14.3
askari 10,shahdra station,30 min,26.9
askari 10,shahdara chowk,33 min,27.2
askari 10,kot abdul malik toll plaza,44 min,35.3
askari 10,baghm kot,35 min,28.5
askari 10,basi mor,20 min,15.4
askari 10,shalimar,19 min,8.6
askari 10,mughal pura,23 min,9.3
askari 10,Dhrampora,23 min,9.3
askari 10,Jailroad Pull,18 min,11.2
askari 10,Golbagh,29 min,23.1
askari 10,Taj pura,31 min,23.6
askari 10,Chmra Mandi,30 min,14.3
askari 10,Misri shah,30 min,23.6
askari 10,Duece road,23 min,12.0
askari 10,China Chownk,24 min,18.7
askari 10,Shadman,21 min,12.7
askari 10,Service hospital,32 min,18.0
askari 10,Nadeem chownk,15 min,8.3
askari 10,GPO,26 min,13.8
askari 10,UET,27 min,12.5
askari 10,Simla phari,22 min,11.8
askari 10,Engneering University,39 min,38.7
askari 10,Green Town,40 min,22.1
askari 10,Sadiq Chownk,38 min,20.6
askari 10,Barkat chownk,38 min,19.8
askari 10,Town ship,31 min,20.0
askari 10,Model Town,26 min,15.9
askari 10,General Hospital,28 min,15.0
askari 10,Muslim Town,22 min,12.9
askari 10,Multan Chungi,33 min,21.8
askari 10,Smanabad,28 min,16.5
askari 10,Chuburji,26 min,16.0
askari 10,MOA College,28 min,15.0
askari 10,Sherakot,38 min,32.5
askari 10,Liaqat chownk,36 min,20.0
askari 10,Phela gol chakr samanbad,14 min,5.8
askari 10,masjid kizra,33 min,14.5
askari 10,gulashan ravi,31 min,17.9
askari 10,yeteeem khana,36 min,19.6
askari 10,awaan town,39 min,21.2
askari 10,dubai chownk,29 min,16.9
askari 10,asif block,29 min,16.3
askari 10,abu bkr chownk,36 min,21.7
askari 10,usman chownk,31 min,22.9
askari 10,Butt chownk,37 min,23.0
askari 10,Faisal Town,27 min,18.2
askari 10,Chungi amrsandu,28 min,15.2
askari 10,Ywanaabad,27 min,26.6
askari 10,kala shah kaku,32 min,34.1
askari 10,wahdatroad,24 min,14.6
askari 10,Ichraaa,25 min,15.5
askari 10,Jnazgah,25 min,15.5
askari 10,allama iqbal town,34 min,19.9
askari 10,dubai chownk,29 min,16.9
saddar,sherpo bridge,12 min,6.0
saddar,new campus,19 min,12.9
saddar,defence mor,15 min,7.3
saddar,ghazi road,23 min,11.5
saddar,bhatta chowk,1 hr 5 min,60.0
saddar,ra bazar,13 min,6.0
saddar,firdus market,18 min,8.9
saddar,shah tajj market,17 min,8.0
saddar,walton station,17 min,8.0
saddar,kalma chowk,18 min,9.9
saddar,garden town,16 min,8.4
saddar,shiekh welfare hospital,14 hr 4 min,8.4
saddar,imamia colony,44 min,18.6
saddar,ravi pull,35 min,27.0
saddar,bhatti gate,24 min,9.9
saddar,old campus,19 min,8.1
saddar,shahdra station,34 min,14.8
saddar,shahdara chowk,36 min,15.1
saddar,kot abdul malik toll plaza,47 min,22.4
saddar,baghm kot,39 min,28.7
saddar,basi mor,20 min,8.8
saddar,shalimar,7 min,3.5
saddar,mughal pura,11 min,4.1
saddar,Dhrampora,11 min,4.1
saddar,Jailroad Pull,12 min,6.0
saddar,Golbagh,25 min,8.8
saddar,Taj pura,23 min,8.3
saddar,Chmra Mandi,16 min,6.5
saddar,Misri shah,23 min,7.8
saddar,Duece road,13 min,4.6
saddar,China Chownk,24 min,9.5
saddar,Shadman,14 min,6.9
saddar,Service hospital,25 min,12.5
saddar,Nadeem chownk,13 min,5.9
saddar,GPO,18 min,7.6
saddar,UET,14 min,5.5
saddar,Simla phari,14 min,4.5
saddar,Engneering University,39 min,24.4
saddar,Green Town,34 min,19.7
saddar,Sadiq Chownk,28 min,16.5
saddar,Barkat chownk,27 min,15.6
saddar,Town ship,22 min,13.8
saddar,Model Town,19 min,10.9
saddar,General Hospital,23 min,14.2
saddar,Muslim Town,13 min,6.8
saddar,Multan Chungi,24 min,15.6
saddar,Smanabad,23 min,11.2
saddar,Chuburji,20 min,10.7
saddar,MOA College,20 min,8.8
saddar,Sherakot,32 min,15.4
saddar,Liaqat chownk,29 min,14.0
saddar,masjid kizra,20 min,6.6
saddar,gulashan ravi,26 min,12.6
saddar,yeteeem khana,27 min,13.5
saddar,awaan town,30 min,15.0
saddar,dubai chownk,21 min,11.3
saddar,asif block,21 min,10.2
saddar,abu bkr chownk,28 min,15.6
saddar,usman chownk,28 min,9.7
saddar,Butt chownk,29 min,16.8
saddar,Faisal Town,18 min,12.0
saddar,Chungi amrsandu,23 min,14.4
saddar,Ywanaabad,30 min,18.7
saddar,kala shah kaku,37 min,34.3
saddar,wahdatroad,17 min,8.5
saddar,Ichraaa,19 min,10.3
saddar,Jnazgah,19 min,10.3
saddar,allama iqbal town,25 min,13.7
saddar,dubai chownk,21 min,11.3
sherpo bridge,new campus,13 min,10.6
sherpo bridge,defence mor,10 min,5.4
sherpo bridge,ghazi road,19 min,9.5
sherpo bridge,bhatta chowk,1 hr 1 min,48.3
sherpo bridge,ra bazar,8 min,4.1
sherpo bridge,firdus market,8 min,3.9
sherpo bridge,shah tajj market,12 min,6.0
sherpo bridge,walton station,12 min,6.0
sherpo bridge,kalma chowk,11 min,6.3
sherpo bridge,garden town,10 min,6.1
sherpo bridge,shiekh welfare hospital,13 hr 55 min,6.1
sherpo bridge,imamia colony,41 min,19.6
sherpo bridge,ravi pull,31 min,15.7
sherpo bridge,bhatti gate,20 min,10.9
sherpo bridge,old campus,15 min,9.0
sherpo bridge,shahdra station,30 min,15.8
sherpo bridge,shahdara chowk,32 min,16.0
sherpo bridge,kot abdul malik toll plaza,40 min,27.6
sherpo bridge,baghm kot,35 min,17.4
sherpo bridge,basi mor,29 min,13.4
sherpo bridge,shalimar,16 min,8.0
sherpo bridge,mughal pura,14 min,8.5
sherpo bridge,Dhrampora,14 min,8.5
sherpo bridge,Jailroad Pull,4 min,2.6
sherpo bridge,Golbagh,28 min,12.4
sherpo bridge,Taj pura,26 min,11.9
sherpo bridge,Chmra Mandi,19 min,10.1
sherpo bridge,Misri shah,26 min,11.4
sherpo bridge,Duece road,13 min,6.9
sherpo bridge,China Chownk,29 min,13.2
sherpo bridge,Shadman,7 min,4.1
sherpo bridge,Service hospital,18 min,10.2
sherpo bridge,Nadeem chownk,8 min,3.9
sherpo bridge,GPO,15 min,9.0
sherpo bridge,UET,17 min,9.1
sherpo bridge,Simla phari,12 min,6.7
sherpo bridge,Engneering University,32 min,22.2
sherpo bridge,Green Town,27 min,16.0
sherpo bridge,Sadiq Chownk,22 min,14.2
sherpo bridge,Barkat chownk,21 min,13.3
sherpo bridge,Town ship,16 min,11.5
sherpo bridge,Model Town,12 min,7.3
sherpo bridge,General Hospital,16 min,10.6
sherpo bridge,Muslim Town,7 min,4.5
sherpo bridge,Multan Chungi,18 min,13.3
sherpo bridge,Smanabad,15 min,7.9
sherpo bridge,Chuburji,12 min,7.4
sherpo bridge,MOA College,15 min,8.7
sherpo bridge,Sherakot,23 min,12.0
sherpo bridge,Liaqat chownk,22 min,11.8
sherpo bridge,Phela gol chakr samanbad,11 min,5.4
sherpo bridge,masjid kizra,23 min,10.2
sherpo bridge,gulashan ravi,18 min,9.3
sherpo bridge,yeteeem khana,21 min,10.5
sherpo bridge,awaan town,25 min,12.8
sherpo bridge,dubai chownk,15 min,9.0
sherpo bridge,asif block,15 min,7.9
sherpo bridge,abu bkr chownk,21 min,13.3
sherpo bridge,usman chownk,26 min,13.5
sherpo bridge,Butt chownk,22 min,14.6
sherpo bridge,Faisal Town,12 min,9.7
sherpo bridge,Chungi amrsandu,16 min,10.8
sherpo bridge,Ywanaabad,22 min,15.1
sherpo bridge,kala shah kaku,43 min,39.5
sherpo bridge,wahdatroad,10 min,6.2
sherpo bridge,Ichraaa,10 min,6.9
sherpo bridge,Jnazgah,10 min,6.9
sherpo bridge,allama iqbal town,19 min,11.4
sherpo bridge,dubai chownk,15 min,9.0
new campus,defence mor,17 min,11.0
new campus,ghazi road,23 min,14.9
new campus,bhatta chowk,1 hr 3 min,49.4
new campus,ra bazar,19 min,10.9
new campus,firdus market,12 min,7.5
new campus,shah tajj market,19 min,11.7
new campus,walton station,19 min,11.7
new campus,kalma chowk,12 min,6.2
new campus,garden town,9 min,5.8
new campus,shiekh welfare hospital,13 hr 50 min,5.8
new campus,imamia colony,44 min,22.4
new campus,ravi pull,35 min,18.5
new campus,bhatti gate,24 min,13.7
new campus,old campus,18 min,11.9
new campus,shahdra station,33 min,18.6
new campus,shahdara chowk,35 min,18.8
new campus,kot abdul malik toll plaza,34 min,33.2
new campus,baghm kot,38 min,20.2
new campus,basi mor,31 min,19.6
new campus,shalimar,18 min,14.2
new campus,mughal pura,18 min,13.6
new campus,Dhrampora,18 min,13.6
new campus,Jailroad Pull,10 min,8.6
new campus,Golbagh,32 min,17.6
new campus,Taj pura,30 min,17.0
new campus,Chmra Mandi,23 min,15.2
new campus,Misri shah,29 min,16.5
new campus,Duece road,16 min,12.0
new campus,China Chownk,34 min,18.3
new campus,Shadman,11 min,8.1
new campus,Service hospital,14 min,7.2
new campus,Nadeem chownk,18 min,10.7
new campus,GPO,19 min,11.9
new campus,UET,21 min,14.3
new campus,Simla phari,16 min,11.8
new campus,Engneering University,23 min,14.2
new campus,Green Town,18 min,8.9
new campus,Sadiq Chownk,13 min,6.3
new campus,Barkat chownk,12 min,5.3
new campus,Town ship,7 min,3.5
new campus,Model Town,8 min,4.3
new campus,General Hospital,18 min,11.6
new campus,Muslim Town,7 min,5.9
new campus,Multan Chungi,9 min,5.4
new campus,Smanabad,17 min,9.1
new campus,Chuburji,15 min,10.2
new campus,MOA College,18 min,11.6
new campus,Sherakot,20 min,9.7
new campus,Liaqat chownk,13 min,6.6
new campus,Phela gol chakr samanbad,18 min,14.4
new campus,masjid kizra,26 min,15.3
new campus,gulashan ravi,21 min,12.5
new campus,yeteeem khana,16 min,8.2
new campus,awaan town,14 min,6.7
new campus,dubai chownk,10 min,6.0
new campus,asif block,10 min,6.0
new campus,abu bkr chownk,12 min,5.3
new campus,usman chownk,29 min,16.3
new campus,Butt chownk,13 min,6.6
new campus,Faisal Town,3 min,1.8
new campus,Chungi amrsandu,18 min,11.8
new campus,Ywanaabad,24 min,16.1
new campus,kala shah kaku,41 min,43.3
new campus,wahdatroad,10 min,7.0
new campus,Ichraaa,14 min,9.7
new campus,Jnazgah,14 min,9.7
new campus,allama iqbal town,9 min,5.4
new campus,dubai chownk,10 min,6.0
defence mor,ghazi road,9 min,4.4
defence mor,bhatta chowk,56 min,43.2
defence mor,ra bazar,6 min,2.2
defence mor,firdus market,9 min,3.8
defence mor,kalma chowk,12 min,7.2
defence mor,garden town,11 min,6.6
defence mor,shiekh welfare hospital,14 hr 4 min,6.6
defence mor,imamia colony,48 min,24.1
defence mor,ravi pull,38 min,20.2
defence mor,bhatti gate,28 min,15.4
defence mor,old campus,23 min,13.6
defence mor,shahdra station,37 min,20.3
defence mor,shahdara chowk,39 min,20.5
defence mor,kot abdul malik toll plaza,47 min,41.9
defence mor,baghm kot,43 min,21.9
defence mor,basi mor,32 min,15.0
defence mor,shalimar,19 min,9.6
defence mor,mughal pura,23 min,12.0
defence mor,Dhrampora,23 min,12.0
defence mor,Jailroad Pull,13 min,8.0
defence mor,Golbagh,37 min,16.0
defence mor,Taj pura,36 min,14.8
defence mor,Chmra Mandi,28 min,13.6
defence mor,Misri shah,34 min,15.0
defence mor,Duece road,21 min,10.4
defence mor,China Chownk,35 min,27.0
defence mor,Shadman,16 min,9.6
defence mor,Service hospital,22 min,11.4
defence mor,Nadeem chownk,5 min,2.0
defence mor,GPO,22 min,13.6
defence mor,UET,26 min,12.7
defence mor,Simla phari,21 min,10.3
defence mor,Engneering University,37 min,18.9
defence mor,Green Town,22 min,12.5
defence mor,Sadiq Chownk,21 min,11.1
defence mor,Barkat chownk,21 min,10.2
defence mor,Town ship,18 min,11.1
defence mor,Model Town,14 min,8.2
defence mor,General Hospital,11 min,5.5
defence mor,Muslim Town,13 min,7.6
defence mor,Multan Chungi,23 min,14.1
defence mor,Smanabad,23 min,12.8
defence mor,Chuburji,19 min,11.9
defence mor,MOA College,23 min,13.3
defence mor,Sherakot,31 min,17.0
defence mor,Liaqat chownk,25 min,13.0
defence mor,Phela gol chakr samanbad,15 min,7.0
defence mor,masjid kizra,31 min,13.7
defence mor,gulashan ravi,26 min,14.2
defence mor,yeteeem khana,25 min,12.4
defence mor,awaan town,28 min,14.0
defence mor,dubai chownk,18 min,10.2
defence mor,asif block,18 min,10.1
defence mor,abu bkr chownk,21 min,10.2
defence mor,usman chownk,33 min,18.0
defence mor,Butt chownk,24 min,12.8
defence mor,Faisal Town,16 min,9.9
defence mor,Chungi amrsandu,11 min,5.7
defence mor,Ywanaabad,18 min,10.0
defence mor,kala shah kaku,45 min,42.1
defence mor,wahdatroad,12 min,7.8
defence mor,Ichraaa,18 min,11.4
defence mor,Jnazgah,18 min,11.4
defence mor,allama iqbal town,22 min,12.6
defence mor,dubai chownk,18 min,10.2
ghazi road,bhatta chowk,51 min,43.6
ghazi road,ra bazar,14 min,6.2
ghazi road,firdus market,16 min,7.8
ghazi road,shah tajj market,11 min,4.9
ghazi road,walton station,11 min,4.9
ghazi road,kalma chowk,14 min,9.1
ghazi road,garden town,16 min,10.5
ghazi road,shiekh welfare hospital,14 hr 9 min,10.5
ghazi road,imamia colony,52 min,43.8
ghazi road,ravi pull,42 min,40.0
ghazi road,bhatti gate,33 min,19.3
ghazi road,old campus,27 min,17.4
ghazi road,shahdra station,41 min,40.1
ghazi road,shahdara chowk,43 min,40.3
ghazi road,kot abdul malik toll plaza,52 min,36.4
ghazi road,baghm kot,46 min,41.6
ghazi road,basi mor,30 min,28.5
ghazi road,shalimar,27 min,13.6
ghazi road,mughal pura,30 min,19.2
ghazi road,Dhrampora,30 min,19.2
ghazi road,Jailroad Pull,21 min,12.1
ghazi road,Golbagh,39 min,36.2
ghazi road,Taj pura,41 min,36.7
ghazi road,Chmra Mandi,35 min,20.7
ghazi road,Misri shah,39 min,36.7
ghazi road,Duece road,30 min,14.5
ghazi road,China Chownk,35 min,31.8
ghazi road,Shadman,23 min,13.6
ghazi road,Service hospital,31 min,16.5
ghazi road,Nadeem chownk,13 min,6.1
ghazi road,GPO,27 min,17.4
ghazi road,UET,33 min,19.8
ghazi road,Simla phari,29 min,14.3
ghazi road,Engneering University,34 min,28.7
ghazi road,Green Town,22 min,13.1
ghazi road,Sadiq Chownk,20 min,11.6
ghazi road,Barkat chownk,21 min,10.8
ghazi road,Town ship,19 min,10.4
ghazi road,Model Town,17 min,10.6
ghazi road,General Hospital,9 min,3.3
ghazi road,Muslim Town,17 min,11.4
ghazi road,Multan Chungi,29 min,17.9
ghazi road,Smanabad,27 min,16.7
ghazi road,Chuburji,24 min,15.7
ghazi road,MOA College,27 min,17.1
ghazi road,Sherakot,35 min,20.8
ghazi road,Liaqat chownk,32 min,18.0
ghazi road,Phela gol chakr samanbad,23 min,11.0
ghazi road,masjid kizra,38 min,20.9
ghazi road,gulashan ravi,30 min,18.1
ghazi road,yeteeem khana,30 min,17.5
ghazi road,awaan town,33 min,17.8
ghazi road,dubai chownk,24 min,15.3
ghazi road,asif block,24 min,14.8
ghazi road,abu bkr chownk,21 min,10.8
ghazi road,usman chownk,38 min,21.9
ghazi road,Butt chownk,24 min,13.3
ghazi road,Faisal Town,22 min,13.7
ghazi road,Chungi amrsandu,9 min,3.5
ghazi road,Ywanaabad,16 min,7.8
ghazi road,kala shah kaku,43 min,47.2
ghazi road,wahdatroad,17 min,11.6
ghazi road,Ichraaa,23 min,15.3
ghazi road,Jnazgah,23 min,15.3
ghazi road,allama iqbal town,28 min,16.4
ghazi road,dubai chownk,24 min,15.3
bhatta chowk,ra bazar,1 hr 6 min,45.1
bhatta chowk,firdus market,1 hr 5 min,46.3
bhatta chowk,shah tajj market,1 hr 2 min,42.7
bhatta chowk,walton station,1 hr 2 min,42.7
bhatta chowk,kalma chowk,1 hr 18 min,43.4
bhatta chowk,garden town,1 hr 2 min,44.7
bhatta chowk,shiekh welfare hospital,14 hr 39 min,44.7
bhatta chowk,imamia colony,1 hr 29 min,80.0
bhatta chowk,ravi pull,1 hr 21 min,76.1
bhatta chowk,bhatti gate,1 hr 17 min,53.5
bhatta chowk,old campus,1 hr 12 min,51.7
bhatta chowk,shahdra station,1 hr 20 min,76.2
bhatta chowk,shahdara chowk,1 hr 22 min,76.5
bhatta chowk,kot abdul malik toll plaza,1 hr 28 min,76.4
bhatta chowk,baghm kot,1 hr 25 min,77.8
bhatta chowk,basi mor,1 hr 12 min,64.7
bhatta chowk,shalimar,1 hr 12 min,63.1
bhatta chowk,mughal pura,1 hr 14 min,53.4
bhatta chowk,Dhrampora,1 hr 14 min,53.4
bhatta chowk,Jailroad Pull,1 hr 7 min,48.3
bhatta chowk,Golbagh,1 hr 19 min,72.4
bhatta chowk,Taj pura,1 hr 21 min,72.9
bhatta chowk,Chmra Mandi,1 hr 18 min,55.0
bhatta chowk,Misri shah,1 hr 19 min,72.9
bhatta chowk,Duece road,1 hr 12 min,51.8
bhatta chowk,China Chownk,1 hr 14 min,68.0
bhatta chowk,Shadman,1 hr 8 min,47.9
bhatta chowk,Service hospital,1 hr 13 min,50.7
bhatta chowk,Nadeem chownk,1 hr 6 min,45.0
bhatta chowk,GPO,1 hr 13 min,51.7
bhatta chowk,UET,1 hr 16 min,54.1
bhatta chowk,Simla phari,1 hr 12 min,51.6
bhatta chowk,Engneering University,58 min,40.0
bhatta chowk,Green Town,1 hr 5 min,44.6
bhatta chowk,Sadiq Chownk,1 hr 3 min,43.1
bhatta chowk,Barkat chownk,1 hr 4 min,42.3
bhatta chowk,Town ship,1 hr 4 min,42.2
bhatta chowk,Model Town,1 hr 4 min,43.8
bhatta chowk,General Hospital,57 min,39.8
bhatta chowk,Muslim Town,1 hr 3 min,45.7
bhatta chowk,Multan Chungi,1 hr 14 min,52.1
bhatta chowk,Smanabad,1 hr 12 min,50.9
bhatta chowk,Chuburji,1 hr 10 min,50.0
bhatta chowk,MOA College,1 hr 12 min,51.4
bhatta chowk,Sherakot,1 hr 17 min,62.2
bhatta chowk,Liaqat chownk,1 hr 16 min,52.3
bhatta chowk,Phela gol chakr samanbad,1 hr 10 min,58.1
bhatta chowk,masjid kizra,1 hr 21 min,55.1
bhatta chowk,gulashan ravi,1 hr 15 min,52.3
bhatta chowk,yeteeem khana,1 hr 15 min,51.7
bhatta chowk,awaan town,1 hr 17 min,52.0
bhatta chowk,dubai chownk,1 hr 10 min,49.5
bhatta chowk,asif block,1 hr 9 min,49.1
bhatta chowk,abu bkr chownk,1 hr 4 min,42.3
bhatta chowk,usman chownk,1 hr 21 min,72.2
bhatta chowk,Butt chownk,1 hr 6 min,44.8
bhatta chowk,Faisal Town,1 hr 8 min,47.9
bhatta chowk,Chungi amrsandu,57 min,40.0
bhatta chowk,Ywanaabad,48 min,34.2
bhatta chowk,kala shah kaku,1 hr 22 min,83.4
bhatta chowk,wahdatroad,1 hr 3 min,45.9
bhatta chowk,Ichraaa,1 hr 10 min,49.5
bhatta chowk,Jnazgah,1 hr 10 min,49.5
bhatta chowk,allama iqbal town,1 hr 14 min,50.7
bhatta chowk,dubai chownk,1 hr 11 min,49.5
ra bazar,firdus market,11 min,3.3
ra bazar,shah tajj market,4 min,2.0
ra bazar,walton station,4 min,2.0
ra bazar,kalma chowk,12 min,6.8
ra bazar,garden town,11 min,6.1
ra bazar,shiekh welfare hospital,14 hr 4 min,6.1
ra bazar,imamia colony,47 min,23.6
ra bazar,ravi pull,38 min,19.7
ra bazar,bhatti gate,28 min,14.9
ra bazar,old campus,22 min,13.1
ra bazar,shahdra station,39 min,18.9
ra bazar,shahdara chowk,39 min,20.0
ra bazar,kot abdul malik toll plaza,47 min,41.4
ra bazar,baghm kot,43 min,21.4
ra bazar,basi mor,31 min,13.9
ra bazar,shalimar,18 min,8.5
ra bazar,mughal pura,22 min,9.2
ra bazar,Dhrampora,22 min,9.2
ra bazar,Jailroad Pull,12 min,7.5
ra bazar,Golbagh,37 min,15.4
ra bazar,Taj pura,34 min,14.9
ra bazar,Chmra Mandi,27 min,13.1
ra bazar,Misri shah,33 min,14.4
ra bazar,Duece road,20 min,9.9
ra bazar,China Chownk,35 min,14.6
ra bazar,Shadman,15 min,9.0
ra bazar,Service hospital,22 min,10.9
ra bazar,GPO,23 min,13.1
ra bazar,UET,25 min,12.2
ra bazar,Simla phari,20 min,9.8
ra bazar,Engneering University,37 min,21.8
ra bazar,Green Town,24 min,13.9
ra bazar,Sadiq Chownk,22 min,12.4
ra bazar,Barkat chownk,23 min,11.6
ra bazar,Town ship,18 min,10.6
ra bazar,Model Town,14 min,7.7
ra bazar,General Hospital,13 min,6.8
ra bazar,Muslim Town,13 min,7.1
ra bazar,Multan Chungi,23 min,13.6
ra bazar,Smanabad,22 min,12.3
ra bazar,Chuburji,19 min,11.4
ra bazar,MOA College,22 min,12.8
ra bazar,Sherakot,31 min,16.5
ra bazar,Liaqat chownk,25 min,12.5
ra bazar,Phela gol chakr samanbad,13 min,5.9
ra bazar,masjid kizra,30 min,13.2
ra bazar,gulashan ravi,25 min,13.7
ra bazar,yeteeem khana,24 min,11.9
ra bazar,awaan town,26 min,13.5
ra bazar,dubai chownk,18 min,9.7
ra bazar,asif block,18 min,9.6
ra bazar,abu bkr chownk,23 min,11.6
ra bazar,usman chownk,33 min,17.5
ra bazar,Butt chownk,26 min,13.6
ra bazar,Faisal Town,16 min,9.4
ra bazar,Chungi amrsandu,13 min,7.0
ra bazar,Ywanaabad,20 min,11.3
ra bazar,kala shah kaku,43 min,39.5
ra bazar,wahdatroad,13 min,7.3
ra bazar,Ichraaa,18 min,10.9
ra bazar,Jnazgah,18 min,10.9
ra bazar,allama iqbal town,22 min,12.1
ra bazar,dubai chownk,18 min,9.7
firdus market,shah tajj market,9 min,4.4
firdus market,walton station,9 min,4.4
firdus market,kalma chowk,7 min,3.6
firdus market,garden town,6 min,2.9
firdus market,shiekh welfare hospital,13 hr 59 min,2.9
firdus market,imamia colony,42 min,20.4
firdus market,ravi pull,33 min,16.5
firdus market,bhatti gate,23 min,11.7
firdus market,old campus,17 min,9.9
firdus market,shahdra station,33 min,16.6
firdus market,shahdara chowk,34 min,16.8
firdus market,kot abdul malik toll plaza,42 min,38.2
firdus market,baghm kot,37 min,18.2
firdus market,basi mor,32 min,17.6
firdus market,shalimar,19 min,12.2
firdus market,mughal pura,19 min,11.6
firdus market,Dhrampora,19 min,11.6
firdus market,Jailroad Pull,10 min,5.8
firdus market,Golbagh,34 min,15.5
firdus market,Taj pura,31 min,15.0
firdus market,Chmra Mandi,24 min,13.2
firdus market,Misri shah,30 min,14.5
firdus market,Duece road,17 min,10.0
firdus market,China Chownk,35 min,16.3
firdus market,Shadman,12 min,6.1
firdus market,Service hospital,17 min,7.7
firdus market,Nadeem chownk,8 min,3.4
firdus market,GPO,17 min,9.9
firdus market,UET,22 min,12.3
firdus market,Simla phari,17 min,9.8
firdus market,Engneering University,31 min,18.6
firdus market,Green Town,22 min,13.3
firdus market,Sadiq Chownk,20 min,11.8
firdus market,Barkat chownk,19 min,8.9
firdus market,Town ship,13 min,7.4
firdus market,Model Town,9 min,4.5
firdus market,General Hospital,12 min,7.8
firdus market,Muslim Town,8 min,3.9
firdus market,Multan Chungi,18 min,10.4
firdus market,Smanabad,17 min,9.1
firdus market,Chuburji,14 min,8.2
firdus market,MOA College,17 min,9.6
firdus market,Sherakot,25 min,13.3
firdus market,Liaqat chownk,20 min,9.3
firdus market,Phela gol chakr samanbad,18 min,8.3
firdus market,masjid kizra,27 min,13.3
firdus market,gulashan ravi,20 min,10.5
firdus market,yeteeem khana,19 min,8.7
firdus market,awaan town,22 min,10.3
firdus market,dubai chownk,13 min,6.5
firdus market,asif block,13 min,6.4
firdus market,abu bkr chownk,19 min,8.9
firdus market,usman chownk,28 min,14.3
firdus market,Butt chownk,21 min,11.0
firdus market,Faisal Town,10 min,6.2
firdus market,Chungi amrsandu,13 min,8.0
firdus market,Ywanaabad,19 min,12.3
firdus market,kala shah kaku,46 min,43.1
firdus market,wahdatroad,7 min,4.1
firdus market,Ichraaa,13 min,7.7
firdus market,Jnazgah,13 min,7.7
firdus market,allama iqbal town,17 min,8.9
firdus market,dubai chownk,13 min,6.5
shah tajj market,kalma chowk,14 min,8.2
shah tajj market,garden town,13 min,7.2
shah tajj market,shiekh welfare hospital,14 hr 4 min,7.2
shah tajj market,imamia colony,50 min,24.6
shah tajj market,ravi pull,41 min,20.7
shah tajj market,bhatti gate,29 min,15.9
shah tajj market,old campus,24 min,14.1
shah tajj market,shahdra station,39 min,20.8
shah tajj market,shahdara chowk,41 min,21.1
shah tajj market,kot abdul malik toll plaza,48 min,42.4
shah tajj market,baghm kot,45 min,22.4
shah tajj market,basi mor,34 min,15.5
shah tajj market,shalimar,21 min,10.1
shah tajj market,mughal pura,25 min,12.6
shah tajj market,Dhrampora,25 min,12.6
shah tajj market,Jailroad Pull,15 min,8.6
shah tajj market,Golbagh,39 min,16.3
shah tajj market,Taj pura,36 min,16.0
shah tajj market,Chmra Mandi,30 min,14.2
shah tajj market,Misri shah,35 min,15.5
shah tajj market,Duece road,23 min,11.0
shah tajj market,China Chownk,38 min,27.3
shah tajj market,Shadman,18 min,10.1
shah tajj market,Service hospital,23 min,11.9
shah tajj market,Nadeem chownk,7 min,2.6
shah tajj market,GPO,24 min,14.1
shah tajj market,UET,28 min,13.2
shah tajj market,Simla phari,22 min,10.8
shah tajj market,Engneering University,36 min,18.5
shah tajj market,Green Town,21 min,12.2
shah tajj market,Sadiq Chownk,20 min,10.7
shah tajj market,Barkat chownk,20 min,9.9
shah tajj market,Town ship,19 min,9.5
shah tajj market,Model Town,15 min,8.7
shah tajj market,General Hospital,10 min,5.1
shah tajj market,Muslim Town,15 min,8.1
shah tajj market,Multan Chungi,25 min,14.6
shah tajj market,Smanabad,24 min,13.4
shah tajj market,Chuburji,22 min,12.4
shah tajj market,MOA College,23 min,13.8
shah tajj market,Sherakot,32 min,17.5
shah tajj market,Liaqat chownk,27 min,13.5
shah tajj market,Phela gol chakr samanbad,17 min,7.5
shah tajj market,masjid kizra,33 min,14.3
shah tajj market,gulashan ravi,26 min,14.8
shah tajj market,yeteeem khana,25 min,12.9
shah tajj market,awaan town,30 min,14.5
shah tajj market,dubai chownk,20 min,10.7
shah tajj market,asif block,19 min,10.7
shah tajj market,abu bkr chownk,21 min,9.9
shah tajj market,usman chownk,35 min,18.5
shah tajj market,Butt chownk,23 min,12.4
shah tajj market,Faisal Town,17 min,10.4
shah tajj market,Chungi amrsandu,11 min,5.3
shah tajj market,Ywanaabad,17 min,9.6
shah tajj market,kala shah kaku,47 min,42.7
shah tajj market,wahdatroad,14 min,8.3
shah tajj market,Ichraaa,20 min,12.0
shah tajj market,Jnazgah,20 min,12.0
shah tajj market,allama iqbal town,24 min,13.2
shah tajj market,dubai chownk,20 min,10.7
walton station,kalma chowk,14 min,8.2
walton station,garden town,13 min,7.2
walton station,shiekh welfare hospital,14 hr 4 min,7.2
walton station,imamia colony,50 min,24.6
walton station,ravi pull,41 min,20.7
walton station,bhatti gate,29 min,15.9
walton station,old campus,24 min,14.1
walton station,shahdra station,40 min,20.8
walton station,shahdara chowk,41 min,21.1
walton station,kot abdul malik toll plaza,49 min,42.4
walton station,baghm kot,45 min,22.4
walton station,basi mor,33 min,24.0
walton station,shalimar,21 min,10.1
walton station,mughal pura,24 min,12.6
walton station,Dhrampora,24 min,12.6
walton station,Jailroad Pull,15 min,8.6
walton station,Golbagh,39 min,16.3
walton station,Taj pura,36 min,16.0
walton station,Chmra Mandi,30 min,14.2
walton station,Misri shah,34 min,15.5
walton station,Duece road,23 min,11.0
walton station,China Chownk,38 min,27.3
walton station,Shadman,18 min,10.1
walton station,Service hospital,23 min,11.9
walton station,Nadeem chownk,7 min,2.6
walton station,GPO,24 min,14.1
walton station,UET,27 min,13.2
walton station,Simla phari,22 min,10.8
walton station,Engneering University,36 min,18.5
walton station,Green Town,22 min,12.2
walton station,Sadiq Chownk,20 min,10.7
walton station,Barkat chownk,21 min,9.9
walton station,Town ship,19 min,9.5
walton station,Model Town,15 min,8.7
walton station,General Hospital,10 min,5.1
walton station,Muslim Town,15 min,8.1
walton station,Multan Chungi,25 min,14.6
walton station,Smanabad,24 min,13.4
walton station,Chuburji,22 min,12.4
walton station,MOA College,24 min,13.8
walton station,Sherakot,33 min,17.5
walton station,Liaqat chownk,27 min,13.5
walton station,Phela gol chakr samanbad,17 min,7.5
walton station,masjid kizra,32 min,14.3
walton station,gulashan ravi,26 min,14.8
walton station,yeteeem khana,25 min,12.9
walton station,awaan town,30 min,14.5
walton station,dubai chownk,20 min,10.7
walton station,asif block,20 min,10.7
walton station,abu bkr chownk,21 min,9.9
walton station,usman chownk,35 min,18.5
walton station,Butt chownk,23 min,12.4
walton station,Faisal Town,17 min,10.4
walton station,Chungi amrsandu,11 min,5.3
walton station,Ywanaabad,17 min,9.6
walton station,kala shah kaku,49 min,42.7
walton station,wahdatroad,14 min,8.3
walton station,Ichraaa,20 min,12.0
walton station,Jnazgah,20 min,12.0
walton station,allama iqbal town,24 min,13.2
walton station,dubai chownk,20 min,10.7
kalma chowk,garden town,3 min,1.4
kalma chowk,shiekh welfare hospital,13 hr 54 min,1.4
kalma chowk,imamia colony,39 min,18.8
kalma chowk,ravi pull,30 min,14.9
kalma chowk,bhatti gate,19 min,10.1
kalma chowk,old campus,14 min,8.3
kalma chowk,shahdra station,29 min,15.0
kalma chowk,shahdara chowk,31 min,15.3
kalma chowk,kot abdul malik toll plaza,39 min,27.2
kalma chowk,baghm kot,34 min,16.6
kalma chowk,basi mor,29 min,16.0
kalma chowk,shalimar,16 min,10.6
kalma chowk,mughal pura,16 min,10.0
kalma chowk,Dhrampora,16 min,10.0
kalma chowk,Jailroad Pull,8 min,5.0
kalma chowk,Golbagh,30 min,14.4
kalma chowk,Taj pura,28 min,13.5
kalma chowk,Chmra Mandi,21 min,11.6
kalma chowk,Misri shah,26 min,13.0
kalma chowk,Duece road,14 min,8.4
kalma chowk,China Chownk,31 min,14.8
kalma chowk,Shadman,9 min,4.5
kalma chowk,Service hospital,15 min,7.4
kalma chowk,Nadeem chownk,14 min,7.9
kalma chowk,GPO,14 min,8.3
kalma chowk,UET,19 min,10.7
kalma chowk,Simla phari,14 min,8.3
kalma chowk,Engneering University,30 min,18.9
kalma chowk,Green Town,24 min,15.2
kalma chowk,Sadiq Chownk,19 min,11.0
kalma chowk,Barkat chownk,18 min,10.0
kalma chowk,Town ship,13 min,8.3
kalma chowk,Model Town,11 min,6.4
kalma chowk,General Hospital,14 min,9.7
kalma chowk,Muslim Town,4 min,2.3
kalma chowk,Multan Chungi,17 min,8.7
kalma chowk,Smanabad,13 min,7.6
kalma chowk,Chuburji,10 min,6.6
kalma chowk,MOA College,13 min,8.0
kalma chowk,Sherakot,22 min,11.7
kalma chowk,Liaqat chownk,18 min,8.9
kalma chowk,Phela gol chakr samanbad,16 min,10.8
kalma chowk,masjid kizra,24 min,11.7
kalma chowk,gulashan ravi,16 min,9.0
kalma chowk,yeteeem khana,17 min,8.4
kalma chowk,awaan town,22 min,10.0
kalma chowk,dubai chownk,11 min,6.2
kalma chowk,asif block,11 min,5.7
kalma chowk,abu bkr chownk,19 min,10.0
kalma chowk,usman chownk,24 min,12.7
kalma chowk,Butt chownk,20 min,11.3
kalma chowk,Faisal Town,9 min,6.5
kalma chowk,Chungi amrsandu,14 min,9.9
kalma chowk,Ywanaabad,20 min,14.2
kalma chowk,kala shah kaku,42 min,24.0
kalma chowk,wahdatroad,4 min,2.5
kalma chowk,Ichraaa,9 min,6.2
kalma chowk,Jnazgah,9 min,6.2
kalma chowk,allama iqbal town,16 min,8.6
kalma chowk,dubai chownk,11 min,6.2
garden town,shiekh welfare hospital,13 hr 54 min,6.2
garden town,imamia colony,39 min,18.3
garden town,ravi pull,30 min,14.4
garden town,bhatti gate,19 min,9.6
garden town,old campus,13 min,7.7
garden town,shahdra station,29 min,14.5
garden town,shahdara chowk,31 min,14.7
garden town,kot abdul malik toll plaza,39 min,26.7
garden town,baghm kot,33 min,16.1
garden town,basi mor,28 min,15.5
garden town,shalimar,15 min,10.1
garden town,mughal pura,15 min,9.5
garden town,Dhrampora,15 min,9.5
garden town,Jailroad Pull,7 min,4.4
garden town,Golbagh,30 min,13.9
garden town,Taj pura,28 min,12.9
garden town,Chmra Mandi,20 min,11.1
garden town,Misri shah,26 min,12.4
garden town,Duece road,13 min,7.9
garden town,China Chownk,31 min,14.2
garden town,Shadman,8 min,3.9
garden town,Service hospital,14 min,5.8
garden town,Nadeem chownk,12 min,6.6
garden town,GPO,13 min,7.7
garden town,UET,18 min,10.1
garden town,Simla phari,13 min,7.7
garden town,Engneering University,29 min,18.0
garden town,Green Town,22 min,13.0
garden town,Sadiq Chownk,18 min,10.1
garden town,Barkat chownk,18 min,9.2
garden town,Town ship,12 min,7.4
garden town,Model Town,9 min,4.2
garden town,General Hospital,13 min,7.5
garden town,Muslim Town,4 min,1.8
garden town,Multan Chungi,16 min,7.1
garden town,Smanabad,13 min,7.0
garden town,Chuburji,10 min,6.1
garden town,MOA College,13 min,7.4
garden town,Sherakot,22 min,11.1
garden town,Liaqat chownk,18 min,7.3
garden town,Phela gol chakr samanbad,16 min,10.2
garden town,masjid kizra,24 min,11.2
garden town,gulashan ravi,16 min,8.4
garden town,yeteeem khana,17 min,6.8
garden town,awaan town,21 min,8.4
garden town,dubai chownk,11 min,4.6
garden town,asif block,10 min,4.1
garden town,abu bkr chownk,18 min,9.2
garden town,usman chownk,24 min,12.2
garden town,Butt chownk,19 min,10.4
garden town,Faisal Town,9 min,5.6
garden town,Chungi amrsandu,13 min,7.7
garden town,Ywanaabad,19 min,12.0
garden town,kala shah kaku,43 min,23.5
garden town,wahdatroad,3 min,2.0
garden town,Ichraaa,9 min,5.6
garden town,Jnazgah,9 min,5.6
garden town,allama iqbal town,15 min,7.0
garden town,dubai chownk,11 min,4.6
shiekh welfare hospital,imamia colony,14 hr 4 min,4.6
shiekh welfare hospital,ravi pull,14 hr 4 min,4.6
shiekh welfare hospital,bhatti gate,14 hr 2 min,4.6
shiekh welfare hospital,shahdra station,14 hr 2 min,4.6
shiekh welfare hospital,kot abdul malik toll plaza,13 hr 46 min,4.6
shiekh welfare hospital,baghm kot,13 hr 54 min,4.6
shiekh welfare hospital,basi mor,14 hr 9 min,4.6
shiekh welfare hospital,shalimar,14 hr 14 min,4.6
shiekh welfare hospital,mughal pura,14 hr 14 min,4.6
shiekh welfare hospital,Dhrampora,14 hr 14 min,4.6
shiekh welfare hospital,Jailroad Pull,14 hr 3 min,4.6
shiekh welfare hospital,Golbagh,14 hr 9 min,4.6
shiekh welfare hospital,Taj pura,14 hr 12 min,4.6
shiekh welfare hospital,Chmra Mandi,14 hr 18 min,4.6
shiekh welfare hospital,Misri shah,14 hr 12 min,4.6
shiekh welfare hospital,Duece road,14 hr 11 min,4.6
shiekh welfare hospital,China Chownk,14 hr 15 min,4.6
shiekh welfare hospital,Shadman,14 hr 2 min,4.6
shiekh welfare hospital,Service hospital,13 hr 51 min,4.6
shiekh welfare hospital,Nadeem chownk,14 hr 15 min,4.6
shiekh welfare hospital,GPO,14 hr 2 min,4.6
shiekh welfare hospital,UET,14 hr 15 min,4.6
shiekh welfare hospital,Simla phari,14 hr 8 min,4.6
shiekh welfare hospital,Engneering University,14 hr 4 min,4.6
shiekh welfare hospital,Green Town,14 hr 7 min,4.6
shiekh welfare hospital,Sadiq Chownk,14 hr 8 min,4.6
shiekh welfare hospital,Barkat chownk,14 hr 6 min,4.6
shiekh welfare hospital,Town ship,14 hr 1 min,4.6
shiekh welfare hospital,Model Town,14 hr 2 min,4.6
shiekh welfare hospital,General Hospital,14 hr 12 min,4.6
shiekh welfare hospital,Multan Chungi,13 hr 54 min,4.6
shiekh welfare hospital,Smanabad,13 hr 52 min,4.6
shiekh welfare hospital,Chuburji,13 hr 53 min,4.6
shiekh welfare hospital,MOA College,13 hr 59 min,4.6
shiekh welfare hospital,Sherakot,13 hr 40 min,4.6
shiekh welfare hospital,Liaqat chownk,13 hr 46 min,4.6
shiekh welfare hospital,Phela gol chakr samanbad,14 hr 14 min,4.6
shiekh welfare hospital,masjid kizra,14 hr 20 min,4.6
shiekh welfare hospital,gulashan ravi,13 hr 46 min,4.6
shiekh welfare hospital,yeteeem khana,13 hr 48 min,4.6
shiekh welfare hospital,awaan town,13 hr 51 min,4.6
shiekh welfare hospital,dubai chownk,13 hr 52 min,4.6
shiekh welfare hospital,asif block,13 hr 54 min,4.6
shiekh welfare hospital,abu bkr chownk,14 hr 6 min,4.6
shiekh welfare hospital,usman chownk,14 hr 1 min,4.6
shiekh welfare hospital,Butt chownk,14 hr 4 min,4.6
shiekh welfare hospital,Faisal Town,13 hr 56 min,4.6
shiekh welfare hospital,Chungi amrsandu,14 hr 12 min,4.6
shiekh welfare hospital,Ywanaabad,14 hr 19 min,4.6
shiekh welfare hospital,kala shah kaku,13 hr 47 min,4.6
shiekh welfare hospital,wahdatroad,14 hr 3 min,4.6
shiekh welfare hospital,Ichraaa,13 hr 56 min,4.6
shiekh welfare hospital,Jnazgah,13 hr 56 min,4.6
shiekh welfare hospital,allama iqbal town,13 hr 51 min,4.6
shiekh welfare hospital,dubai chownk,13 hr 53 min,4.6
imamia colony,ravi pull,24 min,7.1
imamia colony,bhatti gate,24 min,9.5
imamia colony,old campus,27 min,10.7
imamia colony,shahdra station,12 min,3.7
imamia colony,shahdara chowk,18 min,4.4
imamia colony,kot abdul malik toll plaza,26 min,10.7
imamia colony,baghm kot,18 min,4.8
imamia colony,basi mor,30 min,16.8
imamia colony,shalimar,43 min,29.4
imamia colony,mughal pura,42 min,15.2
imamia colony,Dhrampora,42 min,15.2
imamia colony,Jailroad Pull,36 min,15.7
imamia colony,Golbagh,30 min,11.4
imamia colony,Taj pura,34 min,11.3
imamia colony,Chmra Mandi,35 min,12.6
imamia colony,Misri shah,33 min,11.4
imamia colony,Duece road,35 min,14.2
imamia colony,China Chownk,36 min,12.5
imamia colony,Shadman,37 min,15.3
imamia colony,Service hospital,41 min,5
imamia colony,Nadeem chownk,46 min,22.0
imamia colony,GPO,28 min,11.2
imamia colony,UET,39 min,14.3
imamia colony,Simla phari,33 min,13.5
imamia colony,Engneering University,58 min,34.5
imamia colony,Green Town,57 min,30.0
imamia colony,Sadiq Chownk,55 min,26.8
imamia colony,Barkat chownk,55 min,25.3
imamia colony,Town ship,49 min,24.1
imamia colony,Model Town,45 min,21.2
imamia colony,General Hospital,48 min,24.5
imamia colony,Muslim Town,38 min,16.6
imamia colony,Multan Chungi,46 min,5
imamia colony,Smanabad,36 min,5
imamia colony,Chuburji,31 min,5
imamia colony,MOA College,29 min,5
imamia colony,Sherakot,33 min,15.0
imamia colony,Liaqat chownk,38 min,17.3
imamia colony,Phela gol chakr samanbad,42 min,29.3
imamia colony,masjid kizra,41 min,14.2
imamia colony,gulashan ravi,31 min,14.3
imamia colony,yeteeem khana,40 min,16.5
imamia colony,awaan town,43 min,19.0
imamia colony,dubai chownk,41 min,5
imamia colony,asif block,44 min,5
imamia colony,abu bkr chownk,55 min,25.3
imamia colony,usman chownk,25 min,8.0
imamia colony,Butt chownk,55 min,27.1
imamia colony,Faisal Town,45 min,22.3
imamia colony,Chungi amrsandu,48 min,24.7
imamia colony,Ywanaabad,54 min,29.0
imamia colony,kala shah kaku,14 min,7.5
imamia colony,wahdatroad,43 min,18.8
imamia colony,Ichraaa,33 min,5
imamia colony,Jnazgah,33 min,5
imamia colony,allama iqbal town,44 min,5
imamia colony,dubai chownk,42 min,5
ravi pull,bhatti gate,16 min,6.5
ravi pull,old campus,19 min,7.7
ravi pull,shahdra station,9 min,2.3
ravi pull,shahdara chowk,11 min,2.5
ravi pull,kot abdul malik toll plaza,21 min,9.8
ravi pull,baghm kot,12 min,3.0
ravi pull,basi mor,22 min,13.8
ravi pull,shalimar,34 min,26.5
ravi pull,mughal pura,34 min,12.3
ravi pull,Dhrampora,34 min,12.3
ravi pull,Jailroad Pull,27 min,12.8
ravi pull,Golbagh,24 min,7.9
ravi pull,Taj pura,26 min,8.4
ravi pull,Chmra Mandi,27 min,9.7
ravi pull,Misri shah,25 min,8.5
ravi pull,Duece road,26 min,11.3
ravi pull,China Chownk,28 min,9.6
ravi pull,Shadman,29 min,12.4
ravi pull,Service hospital,33 min,5
ravi pull,Nadeem chownk,38 min,19.1
ravi pull,GPO,20 min,8.3
ravi pull,UET,31 min,11.4
ravi pull,Simla phari,25 min,10.6
ravi pull,Engneering University,50 min,31.6
ravi pull,Green Town,49 min,27.0
ravi pull,Sadiq Chownk,47 min,23.9
ravi pull,Barkat chownk,47 min,22.3
ravi pull,Town ship,42 min,21.2
ravi pull,Model Town,37 min,18.2
ravi pull,General Hospital,40 min,21.5
ravi pull,Muslim Town,30 min,13.6
ravi pull,Multan Chungi,36 min,17.6
ravi pull,Smanabad,28 min,5
ravi pull,Chuburji,23 min,5
ravi pull,MOA College,21 min,5
ravi pull,Sherakot,25 min,12.1
ravi pull,Liaqat chownk,29 min,14.3
ravi pull,Phela gol chakr samanbad,35 min,26.4
ravi pull,masjid kizra,33 min,11.2
ravi pull,gulashan ravi,23 min,11.3
ravi pull,yeteeem khana,31 min,13.6
ravi pull,awaan town,35 min,16.0
ravi pull,dubai chownk,33 min,5
ravi pull,asif block,36 min,5
ravi pull,abu bkr chownk,47 min,22.3
ravi pull,usman chownk,17 min,5.1
ravi pull,Butt chownk,47 min,24.2
ravi pull,Faisal Town,37 min,19.4
ravi pull,Chungi amrsandu,40 min,21.7
ravi pull,Ywanaabad,46 min,26.0
ravi pull,kala shah kaku,23 min,11.2
ravi pull,wahdatroad,34 min,15.8
ravi pull,Ichraaa,25 min,10.3
ravi pull,Jnazgah,25 min,10.3
ravi pull,allama iqbal town,36 min,5
ravi pull,dubai chownk,34 min,5
bhatti gate,old campus,6 min,2.0
bhatti gate,shahdra station,18 min,7.4
bhatti gate,shahdara chowk,20 min,7.6
bhatti gate,kot abdul malik toll plaza,30 min,15.2
bhatti gate,baghm kot,22 min,9.0
bhatti gate,basi mor,26 min,16.3
bhatti gate,shalimar,22 min,9.9
bhatti gate,mughal pura,19 min,6.2
bhatti gate,Dhrampora,19 min,6.2
bhatti gate,Jailroad Pull,15 min,7.0
bhatti gate,Golbagh,20 min,5.2
bhatti gate,Taj pura,20 min,5.0
bhatti gate,Chmra Mandi,18 min,7.4
bhatti gate,Misri shah,17 min,4.3
bhatti gate,Duece road,12 min,4.2
bhatti gate,China Chownk,29 min,10.5
bhatti gate,Shadman,17 min,6.6
bhatti gate,Service hospital,20 min,5
bhatti gate,Nadeem chownk,26 min,13.3
bhatti gate,GPO,7 min,2.5
bhatti gate,UET,16 min,6.5
bhatti gate,Simla phari,10 min,3.5
bhatti gate,Engneering University,43 min,27.6
bhatti gate,Green Town,37 min,21.2
bhatti gate,Sadiq Chownk,34 min,18.1
bhatti gate,Barkat chownk,35 min,16.6
bhatti gate,Town ship,28 min,15.4
bhatti gate,Model Town,24 min,12.5
bhatti gate,General Hospital,28 min,15.8
bhatti gate,Muslim Town,18 min,7.9
bhatti gate,Multan Chungi,26 min,5
bhatti gate,Smanabad,15 min,5.5
bhatti gate,Chuburji,10 min,5
bhatti gate,MOA College,8 min,5
bhatti gate,Sherakot,18 min,8.1
bhatti gate,Liaqat chownk,22 min,5
bhatti gate,Phela gol chakr samanbad,22 min,8.5
bhatti gate,masjid kizra,21 min,7.5
bhatti gate,gulashan ravi,16 min,7.3
bhatti gate,yeteeem khana,22 min,5
bhatti gate,awaan town,28 min,5
bhatti gate,dubai chownk,21 min,5
bhatti gate,asif block,23 min,5
bhatti gate,abu bkr chownk,35 min,16.6
bhatti gate,usman chownk,13 min,5.1
bhatti gate,Butt chownk,35 min,18.4
bhatti gate,Faisal Town,25 min,13.6
bhatti gate,Chungi amrsandu,28 min,16.0
bhatti gate,Ywanaabad,34 min,20.3
bhatti gate,kala shah kaku,31 min,16.4
bhatti gate,wahdatroad,22 min,10.0
bhatti gate,Ichraaa,13 min,5
bhatti gate,Jnazgah,13 min,5
bhatti gate,allama iqbal town,23 min,5
bhatti gate,dubai chownk,22 min,5
old campus,shahdra station,17 min,7.4
old campus,shahdara chowk,19 min,7.7
old campus,kot abdul malik toll plaza,29 min,15.0
old campus,baghm kot,21 min,9.0
old campus,basi mor,26 min,12.3
old campus,shalimar,18 min,9.8
old campus,mughal pura,15 min,5.6
old campus,Dhrampora,15 min,5.6
old campus,Jailroad Pull,10 min,4.7
old campus,Golbagh,24 min,9.6
old campus,Taj pura,22 min,8.7
old campus,Chmra Mandi,14 min,6.8
old campus,Misri shah,19 min,8.2
old campus,Duece road,8 min,3.6
old campus,China Chownk,25 min,10.0
old campus,Shadman,10 min,4.7
old campus,Service hospital,16 min,5
old campus,Nadeem chownk,20 min,11.1
old campus,UET,12 min,5.9
old campus,Simla phari,6 min,2.9
old campus,Engneering University,41 min,24.6
old campus,Green Town,32 min,19.8
old campus,Sadiq Chownk,30 min,16.7
old campus,Barkat chownk,28 min,15.5
old campus,Town ship,23 min,13.9
old campus,Model Town,19 min,11.0
old campus,General Hospital,22 min,14.3
old campus,Muslim Town,13 min,6.4
old campus,Multan Chungi,21 min,5
old campus,Smanabad,10 min,5
old campus,Chuburji,6 min,5
old campus,MOA College,3 min,1.4
old campus,Sherakot,16 min,7.8
old campus,Liaqat chownk,18 min,5
old campus,Phela gol chakr samanbad,18 min,7.6
old campus,masjid kizra,17 min,6.9
old campus,gulashan ravi,14 min,5
old campus,yeteeem khana,17 min,5
old campus,awaan town,24 min,5
old campus,dubai chownk,16 min,5
old campus,asif block,18 min,5
old campus,abu bkr chownk,28 min,15.5
old campus,usman chownk,12 min,5.1
old campus,Butt chownk,30 min,17.0
old campus,Faisal Town,20 min,12.2
old campus,Chungi amrsandu,22 min,14.5
old campus,Ywanaabad,29 min,18.8
old campus,kala shah kaku,32 min,16.4
old campus,wahdatroad,17 min,8.6
old campus,Ichraaa,8 min,5
old campus,Jnazgah,8 min,5
old campus,allama iqbal town,19 min,5
old campus,dubai chownk,17 min,5
shahdra station,kot abdul malik toll plaza,17 min,9.8
shahdra station,baghm kot,8 min,3.1
shahdra station,basi mor,18 min,13.0
shahdra station,shalimar,30 min,25.7
shahdra station,mughal pura,29 min,11.5
shahdra station,Dhrampora,29 min,11.5
shahdra station,Jailroad Pull,23 min,12.0
shahdra station,Golbagh,19 min,7.1
shahdra station,Taj pura,22 min,7.6
shahdra station,Chmra Mandi,23 min,8.9
shahdra station,Misri shah,20 min,7.7
shahdra station,Duece road,22 min,10.5
shahdra station,China Chownk,23 min,8.8
shahdra station,Shadman,25 min,11.6
shahdra station,Service hospital,28 min,5
shahdra station,Nadeem chownk,33 min,18.3
shahdra station,GPO,16 min,7.5
shahdra station,UET,26 min,10.6
shahdra station,Simla phari,21 min,9.8
shahdra station,Engneering University,45 min,30.8
shahdra station,Green Town,44 min,26.3
shahdra station,Sadiq Chownk,42 min,23.1
shahdra station,Barkat chownk,44 min,21.6
shahdra station,Town ship,37 min,20.4
shahdra station,Model Town,32 min,17.5
shahdra station,General Hospital,35 min,20.8
shahdra station,Muslim Town,26 min,12.9
shahdra station,Multan Chungi,32 min,16.9
shahdra station,Smanabad,24 min,5
shahdra station,Chuburji,18 min,5
shahdra station,MOA College,17 min,5
shahdra station,Sherakot,20 min,11.3
shahdra station,Liaqat chownk,25 min,13.6
shahdra station,Phela gol chakr samanbad,30 min,25.6
shahdra station,masjid kizra,28 min,10.5
shahdra station,gulashan ravi,19 min,10.6
shahdra station,yeteeem khana,27 min,12.8
shahdra station,awaan town,30 min,15.3
shahdra station,dubai chownk,29 min,5
shahdra station,asif block,32 min,5
shahdra station,abu bkr chownk,44 min,21.6
shahdra station,usman chownk,13 min,4.3
shahdra station,Butt chownk,44 min,23.4
shahdra station,Faisal Town,32 min,18.6
shahdra station,Chungi amrsandu,35 min,21.0
shahdra station,Ywanaabad,42 min,25.3
shahdra station,kala shah kaku,18 min,10.5
shahdra station,wahdatroad,30 min,15.1
shahdra station,Ichraaa,21 min,5
shahdra station,Jnazgah,21 min,5
shahdra station,allama iqbal town,30 min,15.6
shahdra station,dubai chownk,31 min,5
shahdara chowk,kot abdul malik toll plaza,20 min,9.5
shahdara chowk,baghm kot,11 min,2.7
shahdara chowk,basi mor,24 min,14.3
shahdara chowk,shalimar,36 min,26.9
shahdara chowk,mughal pura,34 min,12.7
shahdara chowk,Dhrampora,34 min,12.7
shahdara chowk,Jailroad Pull,29 min,13.2
shahdara chowk,Golbagh,25 min,8.3
shahdara chowk,Taj pura,27 min,8.8
shahdara chowk,Chmra Mandi,29 min,10.1
shahdara chowk,Misri shah,26 min,8.9
shahdara chowk,Duece road,28 min,11.7
shahdara chowk,China Chownk,29 min,10.0
shahdara chowk,Shadman,30 min,12.9
shahdara chowk,Service hospital,34 min,5
shahdara chowk,Nadeem chownk,39 min,19.5
shahdara chowk,GPO,21 min,8.7
shahdara chowk,UET,32 min,11.8
shahdara chowk,Simla phari,26 min,11.1
shahdara chowk,Engneering University,51 min,32.0
shahdara chowk,Green Town,50 min,27.5
shahdara chowk,Sadiq Chownk,48 min,24.3
shahdara chowk,Barkat chownk,48 min,22.8
shahdara chowk,Town ship,43 min,21.6
shahdara chowk,Model Town,38 min,18.7
shahdara chowk,General Hospital,41 min,22.0
shahdara chowk,Muslim Town,31 min,14.1
shahdara chowk,Multan Chungi,39 min,5
shahdara chowk,Smanabad,29 min,5
shahdara chowk,Chuburji,24 min,5
shahdara chowk,MOA College,22 min,5
shahdara chowk,Sherakot,27 min,12.6
shahdara chowk,Liaqat chownk,31 min,14.8
shahdara chowk,Phela gol chakr samanbad,38 min,15.8
shahdara chowk,masjid kizra,34 min,11.7
shahdara chowk,gulashan ravi,25 min,11.8
shahdara chowk,yeteeem khana,33 min,14.0
shahdara chowk,awaan town,37 min,16.5
shahdara chowk,dubai chownk,34 min,5
shahdara chowk,asif block,37 min,5
shahdara chowk,abu bkr chownk,48 min,22.8
shahdara chowk,usman chownk,18 min,5.5
shahdara chowk,Butt chownk,48 min,24.6
shahdara chowk,Faisal Town,38 min,19.8
shahdara chowk,Chungi amrsandu,41 min,22.2
shahdara chowk,Ywanaabad,47 min,26.5
shahdara chowk,kala shah kaku,19 min,10.2
shahdara chowk,wahdatroad,35 min,16.3
shahdara chowk,Ichraaa,26 min,5
shahdara chowk,Jnazgah,26 min,5
shahdara chowk,allama iqbal town,37 min,5
shahdara chowk,dubai chownk,35 min,14.8
kot abdul malik toll plaza,baghm kot,13 min,7.1
kot abdul malik toll plaza,basi mor,33 min,21.6
kot abdul malik toll plaza,shalimar,46 min,34.2
kot abdul malik toll plaza,mughal pura,43 min,20.0
kot abdul malik toll plaza,Dhrampora,43 min,20.0
kot abdul malik toll plaza,Jailroad Pull,37 min,24.3
kot abdul malik toll plaza,Golbagh,34 min,15.6
kot abdul malik toll plaza,Taj pura,37 min,16.1
kot abdul malik toll plaza,Chmra Mandi,37 min,17.4
kot abdul malik toll plaza,Misri shah,35 min,16.2
kot abdul malik toll plaza,Duece road,37 min,19.0
kot abdul malik toll plaza,China Chownk,38 min,17.3
kot abdul malik toll plaza,Shadman,38 min,24.9
kot abdul malik toll plaza,Service hospital,28 min,19.3
kot abdul malik toll plaza,Nadeem chownk,46 min,30.6
kot abdul malik toll plaza,GPO,30 min,16.0
kot abdul malik toll plaza,UET,41 min,19.1
kot abdul malik toll plaza,Simla phari,35 min,18.4
kot abdul malik toll plaza,Engneering University,40 min,34.3
kot abdul malik toll plaza,Green Town,42 min,34.3
kot abdul malik toll plaza,Sadiq Chownk,43 min,35.0
kot abdul malik toll plaza,Barkat chownk,44 min,27.0
kot abdul malik toll plaza,Town ship,39 min,25.2
kot abdul malik toll plaza,Model Town,39 min,34.0
kot abdul malik toll plaza,General Hospital,48 min,40.6
kot abdul malik toll plaza,Muslim Town,37 min,34.9
kot abdul malik toll plaza,Multan Chungi,31 min,20.8
kot abdul malik toll plaza,Smanabad,27 min,18.0
kot abdul malik toll plaza,Chuburji,29 min,20.1
kot abdul malik toll plaza,MOA College,31 min,5
kot abdul malik toll plaza,Sherakot,19 min,15.0
kot abdul malik toll plaza,Liaqat chownk,23 min,17.4
kot abdul malik toll plaza,Phela gol chakr samanbad,45 min,34.2
kot abdul malik toll plaza,masjid kizra,43 min,19.0
kot abdul malik toll plaza,gulashan ravi,24 min,17.4
kot abdul malik toll plaza,yeteeem khana,25 min,16.7
kot abdul malik toll plaza,awaan town,29 min,19.2
kot abdul malik toll plaza,dubai chownk,29 min,20.1
kot abdul malik toll plaza,asif block,31 min,21.0
kot abdul malik toll plaza,abu bkr chownk,44 min,26.9
kot abdul malik toll plaza,usman chownk,28 min,12.8
kot abdul malik toll plaza,Butt chownk,40 min,33.5
kot abdul malik toll plaza,Faisal Town,34 min,31.4
kot abdul malik toll plaza,Chungi amrsandu,48 min,40.8
kot abdul malik toll plaza,Ywanaabad,54 min,45.1
kot abdul malik toll plaza,kala shah kaku,17 min,14.1
kot abdul malik toll plaza,wahdatroad,39 min,36.0
kot abdul malik toll plaza,Ichraaa,33 min,21.4
kot abdul malik toll plaza,Jnazgah,33 min,21.4
kot abdul malik toll plaza,allama iqbal town,28 min,19.5
kot abdul malik toll plaza,dubai chownk,30 min,20.3
baghm kot,basi mor,22 min,14.9
baghm kot,shalimar,35 min,27.6
baghm kot,mughal pura,33 min,13.4
baghm kot,Dhrampora,33 min,13.4
baghm kot,Jailroad Pull,27 min,13.9
baghm kot,Golbagh,23 min,9.0
baghm kot,Taj pura,25 min,9.5
baghm kot,Chmra Mandi,26 min,10.8
baghm kot,Misri shah,24 min,9.5
baghm kot,Duece road,26 min,12.4
baghm kot,China Chownk,27 min,10.6
baghm kot,Shadman,29 min,13.5
baghm kot,Service hospital,33 min,5
baghm kot,Nadeem chownk,38 min,20.2
baghm kot,GPO,20 min,9.4
baghm kot,UET,30 min,12.5
baghm kot,Simla phari,24 min,11.7
baghm kot,Engneering University,50 min,34.7
baghm kot,Green Town,48 min,28.1
baghm kot,Sadiq Chownk,47 min,25.0
baghm kot,Barkat chownk,47 min,23.4
baghm kot,Town ship,41 min,22.3
baghm kot,Model Town,36 min,19.3
baghm kot,General Hospital,39 min,22.6
baghm kot,Muslim Town,30 min,14.8
baghm kot,Multan Chungi,37 min,5
baghm kot,Smanabad,28 min,5
baghm kot,Chuburji,23 min,5
baghm kot,MOA College,20 min,5
baghm kot,Sherakot,25 min,13.2
baghm kot,Liaqat chownk,30 min,15.4
baghm kot,Phela gol chakr samanbad,35 min,27.5
baghm kot,masjid kizra,32 min,12.3
baghm kot,gulashan ravi,23 min,12.4
baghm kot,yeteeem khana,31 min,14.7
baghm kot,awaan town,35 min,17.1
baghm kot,dubai chownk,33 min,5
baghm kot,asif block,35 min,16.2
baghm kot,abu bkr chownk,46 min,23.4
baghm kot,usman chownk,17 min,6.2
baghm kot,Butt chownk,47 min,25.3
baghm kot,Faisal Town,37 min,20.5
baghm kot,Chungi amrsandu,39 min,22.8
baghm kot,Ywanaabad,46 min,27.1
baghm kot,kala shah kaku,21 min,12.2
baghm kot,wahdatroad,33 min,16.9
baghm kot,Ichraaa,25 min,11.4
baghm kot,Jnazgah,25 min,11.4
baghm kot,allama iqbal town,35 min,16.8
baghm kot,dubai chownk,33 min,5
basi mor,shalimar,18 min,5.7
basi mor,mughal pura,20 min,6.8
basi mor,Dhrampora,20 min,6.8
basi mor,Jailroad Pull,25 min,21.3
basi mor,Golbagh,16 min,9.8
basi mor,Taj pura,18 min,10.3
basi mor,Chmra Mandi,21 min,11.7
basi mor,Misri shah,17 min,10.3
basi mor,Duece road,23 min,9.6
basi mor,China Chownk,11 min,5.4
basi mor,Shadman,28 min,22.2
basi mor,Service hospital,33 min,22.8
basi mor,Nadeem chownk,27 min,22.1
basi mor,GPO,21 min,15.8
basi mor,UET,17 min,6.5
basi mor,Simla phari,24 min,9.4
basi mor,Engneering University,47 min,50.2
basi mor,Green Town,45 min,35.0
basi mor,Sadiq Chownk,42 min,31.8
basi mor,Barkat chownk,41 min,30.9
basi mor,Town ship,36 min,29.1
basi mor,Model Town,32 min,26.2
basi mor,General Hospital,36 min,29.5
basi mor,Muslim Town,27 min,22.1
basi mor,Multan Chungi,37 min,24.7
basi mor,Smanabad,28 min,20.3
basi mor,Chuburji,24 min,5
basi mor,MOA College,22 min,5
basi mor,Sherakot,26 min,19.2
basi mor,Liaqat chownk,30 min,21.4
basi mor,Phela gol chakr samanbad,21 min,15.9
basi mor,masjid kizra,19 min,7.9
basi mor,gulashan ravi,23 min,18.4
basi mor,yeteeem khana,32 min,20.7
basi mor,awaan town,35 min,23.1
basi mor,dubai chownk,34 min,23.3
basi mor,asif block,36 min,24.2
basi mor,abu bkr chownk,41 min,30.9
basi mor,usman chownk,18 min,9.6
basi mor,Butt chownk,42 min,32.1
basi mor,Faisal Town,32 min,27.3
basi mor,Chungi amrsandu,36 min,29.7
basi mor,Ywanaabad,35 min,38.1
basi mor,kala shah kaku,22 min,22.3
basi mor,wahdatroad,29 min,23.8
basi mor,Ichraaa,27 min,5
basi mor,Jnazgah,27 min,5
basi mor,allama iqbal town,35 min,23.5
basi mor,dubai chownk,35 min,23.4
shalimar,mughal pura,7 min,2.4
shalimar,Dhrampora,7 min,2.4
shalimar,Jailroad Pull,10 min,7.2
shalimar,Golbagh,25 min,10.1
shalimar,Taj pura,23 min,9.1
shalimar,Chmra Mandi,16 min,7.3
shalimar,Misri shah,20 min,8.6
shalimar,Duece road,12 min,5.8
shalimar,China Chownk,20 min,7.4
shalimar,Shadman,12 min,8.1
shalimar,Service hospital,22 min,13.6
shalimar,Nadeem chownk,15 min,6.8
shalimar,GPO,15 min,8.8
shalimar,UET,11 min,5.2
shalimar,Simla phari,12 min,5.7
shalimar,Engneering University,36 min,25.6
shalimar,Green Town,29 min,20.8
shalimar,Sadiq Chownk,25 min,17.7
shalimar,Barkat chownk,25 min,16.7
shalimar,Town ship,20 min,15.0
shalimar,Model Town,17 min,12.0
shalimar,General Hospital,20 min,15.3
shalimar,Muslim Town,11 min,7.9
shalimar,Multan Chungi,22 min,16.8
shalimar,Smanabad,21 min,12.4
shalimar,Chuburji,18 min,11.9
shalimar,MOA College,18 min,10.0
shalimar,Sherakot,29 min,16.5
shalimar,Liaqat chownk,25 min,15.2
shalimar,Phela gol chakr samanbad,4 min,1.7
shalimar,masjid kizra,16 min,6.4
shalimar,gulashan ravi,24 min,13.8
shalimar,yeteeem khana,25 min,14.6
shalimar,awaan town,28 min,16.2
shalimar,dubai chownk,18 min,12.4
shalimar,asif block,18 min,11.3
shalimar,abu bkr chownk,25 min,16.7
shalimar,usman chownk,26 min,10.5
shalimar,Butt chownk,26 min,18.0
shalimar,Faisal Town,16 min,13.2
shalimar,Chungi amrsandu,20 min,15.5
shalimar,Ywanaabad,27 min,19.8
shalimar,kala shah kaku,31 min,32.4
shalimar,wahdatroad,14 min,9.6
shalimar,Ichraaa,16 min,11.4
shalimar,Jnazgah,16 min,11.4
shalimar,allama iqbal town,22 min,14.9
shalimar,dubai chownk,18 min,12.4
mughal pura,Jailroad Pull,14 min,9.2
mughal pura,Golbagh,19 min,6.5
mughal pura,Taj pura,17 min,5.5
mughal pura,Chmra Mandi,10 min,3.7
mughal pura,Misri shah,14 min,5.0
mughal pura,Duece road,9 min,3.9
mughal pura,China Chownk,16 min,5.4
mughal pura,Shadman,17 min,3
mughal pura,Service hospital,26 min,15.7
mughal pura,Nadeem chownk,19 min,8.8
mughal pura,GPO,14 min,6.6
mughal pura,UET,5 min,1.6
mughal pura,Simla phari,9 min,3.7
mughal pura,Engneering University,41 min,27.6
mughal pura,Green Town,33 min,22.9
mughal pura,Sadiq Chownk,30 min,19.7
mughal pura,Barkat chownk,29 min,18.8
mughal pura,Town ship,24 min,17.0
mughal pura,Model Town,21 min,14.1
mughal pura,General Hospital,24 min,17.4
mughal pura,Muslim Town,15 min,10.0
mughal pura,Multan Chungi,25 min,18.8
mughal pura,Smanabad,23 min,5
mughal pura,Chuburji,18 min,7.8
mughal pura,MOA College,17 min,7.8
mughal pura,Sherakot,29 min,14.2
mughal pura,Liaqat chownk,30 min,5
mughal pura,Phela gol chakr samanbad,8 min,3.8
mughal pura,masjid kizra,12 min,3.8
mughal pura,gulashan ravi,26 min,11.1
mughal pura,yeteeem khana,28 min,16.7
mughal pura,awaan town,31 min,18.2
mughal pura,dubai chownk,22 min,14.5
mughal pura,asif block,22 min,13.4
mughal pura,abu bkr chownk,29 min,18.8
mughal pura,usman chownk,20 min,6.9
mughal pura,Butt chownk,30 min,20.0
mughal pura,Faisal Town,20 min,15.2
mughal pura,Chungi amrsandu,24 min,17.6
mughal pura,Ywanaabad,31 min,21.9
mughal pura,kala shah kaku,34 min,34.5
mughal pura,wahdatroad,18 min,11.7
mughal pura,Ichraaa,18 min,7.1
mughal pura,Jnazgah,18 min,7.1
mughal pura,allama iqbal town,26 min,16.9
mughal pura,dubai chownk,23 min,14.5
Dhrampora,Jailroad Pull,14 min,9.2
Dhrampora,Golbagh,18 min,6.5
Dhrampora,Taj pura,17 min,5.5
Dhrampora,Chmra Mandi,10 min,3.7
Dhrampora,Misri shah,14 min,5.0
Dhrampora,Duece road,9 min,3.9
Dhrampora,China Chownk,17 min,5.4
Dhrampora,Shadman,16 min,3
Dhrampora,Service hospital,26 min,15.7
Dhrampora,Nadeem chownk,19 min,8.8
Dhrampora,GPO,14 min,6.6
Dhrampora,UET,5 min,1.6
Dhrampora,Simla phari,9 min,3.7
Dhrampora,Engneering University,41 min,27.6
Dhrampora,Green Town,33 min,22.9
Dhrampora,Sadiq Chownk,30 min,19.7
Dhrampora,Barkat chownk,29 min,18.8
Dhrampora,Town ship,24 min,17.0
Dhrampora,Model Town,21 min,14.1
Dhrampora,General Hospital,24 min,17.4
Dhrampora,Muslim Town,15 min,10.0
Dhrampora,Multan Chungi,25 min,18.8
Dhrampora,Smanabad,23 min,5
Dhrampora,Chuburji,18 min,7.8
Dhrampora,MOA College,17 min,7.8
Dhrampora,Sherakot,29 min,14.2
Dhrampora,Liaqat chownk,30 min,5
Dhrampora,Phela gol chakr samanbad,8 min,3.8
Dhrampora,masjid kizra,12 min,3.8
Dhrampora,gulashan ravi,26 min,11.1
Dhrampora,yeteeem khana,28 min,16.7
Dhrampora,awaan town,31 min,18.2
Dhrampora,dubai chownk,22 min,14.5
Dhrampora,asif block,22 min,13.4
Dhrampora,abu bkr chownk,29 min,18.8
Dhrampora,usman chownk,20 min,6.9
Dhrampora,Butt chownk,30 min,20.0
Dhrampora,Faisal Town,20 min,15.2
Dhrampora,Chungi amrsandu,24 min,17.6
Dhrampora,Ywanaabad,31 min,21.9
Dhrampora,kala shah kaku,34 min,34.5
Dhrampora,wahdatroad,18 min,11.7
Dhrampora,Ichraaa,17 min,7.1
Dhrampora,Jnazgah,17 min,7.1
Dhrampora,allama iqbal town,26 min,16.9
Dhrampora,dubai chownk,22 min,14.5
Jailroad Pull,Golbagh,27 min,11.7
Jailroad Pull,Taj pura,24 min,11.2
Jailroad Pull,Chmra Mandi,17 min,9.4
Jailroad Pull,Misri shah,22 min,10.7
Jailroad Pull,Duece road,10 min,3
Jailroad Pull,China Chownk,28 min,12.5
Jailroad Pull,Service hospital,16 min,5
Jailroad Pull,Nadeem chownk,13 min,8.0
Jailroad Pull,GPO,11 min,6.4
Jailroad Pull,UET,15 min,8.5
Jailroad Pull,Simla phari,9 min,5.0
Jailroad Pull,Engneering University,35 min,22.8
Jailroad Pull,Green Town,26 min,17.8
Jailroad Pull,Sadiq Chownk,24 min,14.9
Jailroad Pull,Barkat chownk,23 min,13.9
Jailroad Pull,Town ship,18 min,12.2
Jailroad Pull,Model Town,14 min,9.0
Jailroad Pull,General Hospital,17 min,12.3
Jailroad Pull,Muslim Town,8 min,4.4
Jailroad Pull,Multan Chungi,20 min,10.8
Jailroad Pull,Smanabad,10 min,5.2
Jailroad Pull,Chuburji,8 min,4.7
Jailroad Pull,MOA College,11 min,6.1
Jailroad Pull,Sherakot,20 min,9.4
Jailroad Pull,Liaqat chownk,18 min,5
Jailroad Pull,Phela gol chakr samanbad,13 min,8.5
Jailroad Pull,masjid kizra,20 min,9.5
Jailroad Pull,gulashan ravi,14 min,6.6
Jailroad Pull,yeteeem khana,17 min,5
Jailroad Pull,awaan town,23 min,5
Jailroad Pull,dubai chownk,16 min,8.3
Jailroad Pull,asif block,15 min,7.8
Jailroad Pull,abu bkr chownk,23 min,13.9
Jailroad Pull,usman chownk,22 min,10.8
Jailroad Pull,Butt chownk,24 min,15.2
Jailroad Pull,Faisal Town,13 min,10.4
Jailroad Pull,Chungi amrsandu,17 min,12.5
Jailroad Pull,Ywanaabad,23 min,16.8
Jailroad Pull,kala shah kaku,39 min,22.1
Jailroad Pull,wahdatroad,11 min,6.8
Jailroad Pull,Ichraaa,7 min,4.3
Jailroad Pull,Jnazgah,7 min,4.3
Jailroad Pull,allama iqbal town,19 min,5
Jailroad Pull,dubai chownk,16 min,8.3
Golbagh,Chmra Mandi,9 min,2.8
Golbagh,Misri shah,5 min,1.4
Golbagh,Duece road,19 min,7.2
Golbagh,China Chownk,12 min,3.1
Golbagh,Shadman,27 min,10.6
Golbagh,Service hospital,32 min,5
Golbagh,Nadeem chownk,34 min,13.9
Golbagh,GPO,19 min,7.1
Golbagh,UET,14 min,5.2
Golbagh,Simla phari,19 min,7.1
Golbagh,Engneering University,50 min,33.4
Golbagh,Green Town,47 min,25.4
Golbagh,Sadiq Chownk,43 min,22.2
Golbagh,Barkat chownk,42 min,21.3
Golbagh,Town ship,37 min,19.5
Golbagh,Model Town,34 min,16.6
Golbagh,General Hospital,36 min,20.3
Golbagh,Muslim Town,28 min,12.5
Golbagh,Multan Chungi,36 min,5
Golbagh,Smanabad,26 min,5
Golbagh,Chuburji,22 min,5
Golbagh,MOA College,19 min,5
Golbagh,Sherakot,25 min,13.9
Golbagh,Liaqat chownk,29 min,16.1
Golbagh,Phela gol chakr samanbad,26 min,9.9
Golbagh,masjid kizra,14 min,3.1
Golbagh,gulashan ravi,22 min,13.1
Golbagh,yeteeem khana,30 min,15.4
Golbagh,awaan town,34 min,17.8
Golbagh,dubai chownk,32 min,5
Golbagh,asif block,34 min,5
Golbagh,abu bkr chownk,42 min,21.3
Golbagh,usman chownk,8 min,2.2
Golbagh,Butt chownk,43 min,22.9
Golbagh,Faisal Town,32 min,18.1
Golbagh,Chungi amrsandu,37 min,20.5
Golbagh,Ywanaabad,43 min,24.7
Golbagh,kala shah kaku,30 min,17.3
Golbagh,wahdatroad,30 min,14.5
Golbagh,Ichraaa,24 min,5
Golbagh,Jnazgah,24 min,5
Golbagh,allama iqbal town,34 min,18.2
Golbagh,dubai chownk,33 min,5
Taj pura,Chmra Mandi,5 min,1.3
Taj pura,Duece road,15 min,5.7
Taj pura,China Chownk,15 min,3.9
Taj pura,Shadman,22 min,9.1
Taj pura,Service hospital,33 min,5
Taj pura,Nadeem chownk,29 min,12.7
Taj pura,GPO,20 min,8.4
Taj pura,UET,10 min,3.7
Taj pura,Simla phari,15 min,5.6
Taj pura,Engneering University,49 min,29.0
Taj pura,Green Town,41 min,24.2
Taj pura,Sadiq Chownk,38 min,21.1
Taj pura,Barkat chownk,37 min,20.1
Taj pura,Town ship,32 min,18.4
Taj pura,Model Town,29 min,15.4
Taj pura,General Hospital,32 min,18.7
Taj pura,Muslim Town,23 min,11.3
Taj pura,Multan Chungi,33 min,20.2
Taj pura,Smanabad,28 min,5
Taj pura,Chuburji,23 min,9.7
Taj pura,MOA College,22 min,9.6
Taj pura,Sherakot,30 min,15.6
Taj pura,Liaqat chownk,34 min,17.8
Taj pura,Phela gol chakr samanbad,21 min,8.4
Taj pura,masjid kizra,11 min,2.4
Taj pura,gulashan ravi,27 min,14.8
Taj pura,yeteeem khana,36 min,17.1
Taj pura,awaan town,39 min,19.5
Taj pura,dubai chownk,31 min,15.8
Taj pura,asif block,30 min,14.7
Taj pura,abu bkr chownk,37 min,20.1
Taj pura,usman chownk,12 min,3.5
Taj pura,Butt chownk,38 min,21.4
Taj pura,Faisal Town,28 min,16.6
Taj pura,Chungi amrsandu,32 min,18.9
Taj pura,Ywanaabad,39 min,23.2
Taj pura,kala shah kaku,35 min,19.0
Taj pura,wahdatroad,26 min,13.0
Taj pura,Ichraaa,23 min,9.0
Taj pura,Jnazgah,23 min,9.0
Taj pura,allama iqbal town,34 min,18.3
Taj pura,dubai chownk,31 min,15.8
Chmra Mandi,Misri shah,6 min,1.7
Chmra Mandi,Duece road,10 min,4.4
Chmra Mandi,China Chownk,17 min,4.5
Chmra Mandi,Shadman,17 min,7.7
Chmra Mandi,Service hospital,29 min,5
Chmra Mandi,Nadeem chownk,24 min,11.4
Chmra Mandi,GPO,15 min,7.1
Chmra Mandi,UET,5 min,2.4
Chmra Mandi,Simla phari,10 min,4.2
Chmra Mandi,Engneering University,44 min,27.6
Chmra Mandi,Green Town,37 min,22.9
Chmra Mandi,Sadiq Chownk,33 min,19.7
Chmra Mandi,Barkat chownk,32 min,18.8
Chmra Mandi,Town ship,27 min,17.0
Chmra Mandi,Model Town,24 min,14.1
Chmra Mandi,General Hospital,28 min,17.4
Chmra Mandi,Muslim Town,18 min,10.0
Chmra Mandi,Multan Chungi,28 min,18.8
Chmra Mandi,Smanabad,24 min,5
Chmra Mandi,Chuburji,19 min,8.3
Chmra Mandi,MOA College,18 min,8.3
Chmra Mandi,Sherakot,31 min,15.9
Chmra Mandi,Liaqat chownk,31 min,5
Chmra Mandi,Phela gol chakr samanbad,16 min,7.0
Chmra Mandi,masjid kizra,6 min,1.5
Chmra Mandi,gulashan ravi,28 min,15.2
Chmra Mandi,yeteeem khana,31 min,5
Chmra Mandi,awaan town,34 min,18.3
Chmra Mandi,dubai chownk,26 min,14.5
Chmra Mandi,asif block,26 min,13.4
Chmra Mandi,abu bkr chownk,33 min,18.8
Chmra Mandi,usman chownk,13 min,3.9
Chmra Mandi,Butt chownk,33 min,20.0
Chmra Mandi,Faisal Town,23 min,15.2
Chmra Mandi,Chungi amrsandu,28 min,17.6
Chmra Mandi,Ywanaabad,34 min,21.9
Chmra Mandi,kala shah kaku,36 min,19.4
Chmra Mandi,wahdatroad,21 min,11.7
Chmra Mandi,Ichraaa,19 min,7.6
Chmra Mandi,Jnazgah,19 min,7.6
Chmra Mandi,allama iqbal town,29 min,16.9
Chmra Mandi,dubai chownk,26 min,14.5
Misri shah,Duece road,14 min,5.7
Misri shah,China Chownk,15 min,4.0
Misri shah,Shadman,22 min,9.1
Misri shah,Service hospital,30 min,5
Misri shah,Nadeem chownk,29 min,12.7
Misri shah,GPO,18 min,6.8
Misri shah,UET,10 min,3.7
Misri shah,Simla phari,15 min,5.6
Misri shah,Engneering University,49 min,29.0
Misri shah,Green Town,42 min,24.2
Misri shah,Sadiq Chownk,38 min,21.1
Misri shah,Barkat chownk,37 min,20.1
Misri shah,Town ship,33 min,18.3
Misri shah,Model Town,29 min,15.4
Misri shah,General Hospital,33 min,18.7
Misri shah,Muslim Town,23 min,11.3
Misri shah,Multan Chungi,35 min,15.5
Misri shah,Smanabad,25 min,9.8
Misri shah,Chuburji,21 min,5
Misri shah,MOA College,18 min,5
Misri shah,Sherakot,26 min,14.6
Misri shah,Liaqat chownk,30 min,16.8
Misri shah,Phela gol chakr samanbad,21 min,8.4
Misri shah,masjid kizra,12 min,2.8
Misri shah,gulashan ravi,23 min,13.8
Misri shah,yeteeem khana,31 min,16.0
Misri shah,awaan town,35 min,18.5
Misri shah,dubai chownk,31 min,5
Misri shah,asif block,30 min,14.7
Misri shah,abu bkr chownk,38 min,20.1
Misri shah,usman chownk,8 min,2.1
Misri shah,Butt chownk,38 min,21.4
Misri shah,Faisal Town,28 min,16.6
Misri shah,Chungi amrsandu,33 min,18.9
Misri shah,Ywanaabad,39 min,23.2
Misri shah,kala shah kaku,31 min,18.0
Misri shah,wahdatroad,26 min,13.0
Misri shah,Ichraaa,23 min,5
Misri shah,Jnazgah,23 min,5
Misri shah,allama iqbal town,33 min,5
Misri shah,dubai chownk,31 min,15.8
Duece road,China Chownk,20 min,7.9
Duece road,Shadman,7 min,3.4
Duece road,Service hospital,20 min,11.4
Duece road,Nadeem chownk,15 min,7.8
Duece road,GPO,9 min,3.9
Duece road,UET,8 min,3
Duece road,Engneering University,35 min,23.4
Duece road,Green Town,28 min,18.6
Duece road,Sadiq Chownk,24 min,15.5
Duece road,Barkat chownk,24 min,14.5
Duece road,Town ship,19 min,12.8
Duece road,Model Town,16 min,9.8
Duece road,General Hospital,19 min,13.1
Duece road,Muslim Town,10 min,5.7
Duece road,Multan Chungi,20 min,14.6
Duece road,Smanabad,17 min,5
Duece road,Chuburji,12 min,5.1
Duece road,MOA College,11 min,5.1
Duece road,Sherakot,23 min,11.5
Duece road,Liaqat chownk,24 min,13.0
Duece road,Phela gol chakr samanbad,10 min,4.3
Duece road,masjid kizra,13 min,4.9
Duece road,gulashan ravi,20 min,8.4
Duece road,yeteeem khana,23 min,11.8
Duece road,awaan town,27 min,14.0
Duece road,dubai chownk,17 min,10.2
Duece road,asif block,17 min,9.1
Duece road,abu bkr chownk,24 min,14.5
Duece road,usman chownk,21 min,8.0
Duece road,Butt chownk,25 min,15.8
Duece road,Faisal Town,15 min,11.0
Duece road,Chungi amrsandu,19 min,13.3
Duece road,Ywanaabad,25 min,17.6
Duece road,kala shah kaku,39 min,20.1
Duece road,wahdatroad,13 min,7.4
Duece road,Ichraaa,12 min,4.8
Duece road,Jnazgah,12 min,4.8
Duece road,allama iqbal town,21 min,12.7
Duece road,dubai chownk,17 min,10.2
China Chownk,Shadman,29 min,12.2
China Chownk,Service hospital,33 min,20.6
China Chownk,Nadeem chownk,33 min,24.9
China Chownk,GPO,22 min,13.6
China Chownk,UET,16 min,5.4
China Chownk,Simla phari,23 min,8.4
China Chownk,Engneering University,50 min,36.5
China Chownk,Green Town,48 min,27.1
China Chownk,Sadiq Chownk,45 min,23.9
China Chownk,Barkat chownk,44 min,23.0
China Chownk,Town ship,40 min,21.2
China Chownk,Model Town,37 min,18.3
China Chownk,General Hospital,40 min,21.6
China Chownk,Muslim Town,30 min,14.2
China Chownk,Multan Chungi,36 min,22.6
China Chownk,Smanabad,28 min,18.1
China Chownk,Chuburji,24 min,5
China Chownk,MOA College,22 min,5
China Chownk,Sherakot,25 min,17.0
China Chownk,Liaqat chownk,29 min,19.2
China Chownk,Phela gol chakr samanbad,25 min,8.6
China Chownk,masjid kizra,11 min,2.7
China Chownk,gulashan ravi,23 min,16.3
China Chownk,yeteeem khana,30 min,18.5
China Chownk,awaan town,34 min,21.0
China Chownk,dubai chownk,33 min,21.1
China Chownk,asif block,35 min,22.0
China Chownk,abu bkr chownk,45 min,23.0
China Chownk,usman chownk,16 min,5.7
China Chownk,Butt chownk,46 min,24.2
China Chownk,Faisal Town,35 min,19.4
China Chownk,Chungi amrsandu,40 min,21.8
China Chownk,Ywanaabad,41 min,40.8
China Chownk,kala shah kaku,28 min,25.1
China Chownk,wahdatroad,32 min,15.8
China Chownk,Ichraaa,26 min,5
China Chownk,Jnazgah,26 min,5
China Chownk,allama iqbal town,34 min,21.3
China Chownk,dubai chownk,34 min,21.3
Shadman,Service hospital,17 min,7.4
Shadman,Nadeem chownk,15 min,9.1
Shadman,GPO,10 min,5.2
Shadman,UET,13 min,6.4
Shadman,Simla phari,8 min,4.2
Shadman,Engneering University,33 min,20.5
Shadman,Green Town,24 min,15.7
Shadman,Sadiq Chownk,22 min,14.3
Shadman,Barkat chownk,21 min,11.6
Shadman,Town ship,16 min,9.9
Shadman,Model Town,12 min,7.0
Shadman,General Hospital,15 min,10.3
Shadman,Muslim Town,6 min,2.4
Shadman,Multan Chungi,18 min,8.7
Shadman,Smanabad,11 min,5.3
Shadman,Chuburji,9 min,4.8
Shadman,MOA College,12 min,5.7
Shadman,Sherakot,20 min,9.4
Shadman,Liaqat chownk,19 min,5
Shadman,Phela gol chakr samanbad,14 min,8.9
Shadman,masjid kizra,18 min,7.4
Shadman,gulashan ravi,15 min,6.7
Shadman,yeteeem khana,19 min,8.4
Shadman,awaan town,23 min,10.0
Shadman,dubai chownk,14 min,6.2
Shadman,asif block,13 min,5.8
Shadman,abu bkr chownk,21 min,11.6
Shadman,usman chownk,21 min,10.1
Shadman,Butt chownk,22 min,12.9
Shadman,Faisal Town,12 min,8.1
Shadman,Chungi amrsandu,15 min,10.5
Shadman,Ywanaabad,21 min,14.8
Shadman,kala shah kaku,38 min,20.7
Shadman,wahdatroad,10 min,4.5
Shadman,Ichraaa,8 min,4.3
Shadman,Jnazgah,8 min,4.3
Shadman,allama iqbal town,18 min,8.7
Shadman,dubai chownk,14 min,6.2
Service hospital,Nadeem chownk,24 min,11.0
Service hospital,GPO,15 min,6.5
Service hospital,UET,25 min,11.8
Service hospital,Simla phari,19 min,5
Service hospital,Engneering University,33 min,18.8
Service hospital,Green Town,26 min,13.5
Service hospital,Sadiq Chownk,22 min,10.8
Service hospital,Barkat chownk,21 min,9.9
Service hospital,Town ship,16 min,8.1
Service hospital,Model Town,17 min,8.9
Service hospital,General Hospital,24 min,11.9
Service hospital,Muslim Town,14 min,6.0
Service hospital,Multan Chungi,8 min,5
Service hospital,Smanabad,6 min,5
Service hospital,Chuburji,10 min,5
Service hospital,MOA College,14 min,5
Service hospital,Sherakot,12 min,4.1
Service hospital,Liaqat chownk,6 min,5
Service hospital,Phela gol chakr samanbad,25 min,14.5
Service hospital,masjid kizra,30 min,5
Service hospital,gulashan ravi,11 min,5
Service hospital,yeteeem khana,5 min,1.6
Service hospital,awaan town,10 min,5
Service hospital,asif block,7 min,2.1
Service hospital,abu bkr chownk,21 min,9.9
Service hospital,usman chownk,25 min,10.9
Service hospital,Butt chownk,22 min,11.2
Service hospital,Faisal Town,12 min,5
Service hospital,Chungi amrsandu,24 min,12.1
Service hospital,Ywanaabad,30 min,16.4
Service hospital,kala shah kaku,36 min,30.8
Service hospital,wahdatroad,16 min,7.0
Service hospital,Ichraaa,13 min,5
Service hospital,Jnazgah,13 min,5
Service hospital,allama iqbal town,5 min,2.5
Nadeem chownk,GPO,21 min,10.7
Nadeem chownk,UET,21 min,11.2
Nadeem chownk,Simla phari,17 min,8.7
Nadeem chownk,Engneering University,36 min,21.9
Nadeem chownk,Green Town,23 min,14.0
Nadeem chownk,Sadiq Chownk,22 min,12.5
Nadeem chownk,Barkat chownk,22 min,11.7
Nadeem chownk,Town ship,17 min,10.7
Nadeem chownk,Model Town,13 min,7.8
Nadeem chownk,General Hospital,13 min,6.9
Nadeem chownk,Muslim Town,12 min,7.2
Nadeem chownk,Multan Chungi,22 min,13.7
Nadeem chownk,Smanabad,20 min,11.8
Nadeem chownk,Chuburji,17 min,11.3
Nadeem chownk,MOA College,20 min,12.6
Nadeem chownk,Sherakot,28 min,15.9
Nadeem chownk,Liaqat chownk,25 min,12.6
Nadeem chownk,Phela gol chakr samanbad,11 min,5.4
Nadeem chownk,masjid kizra,26 min,12.2
Nadeem chownk,gulashan ravi,23 min,13.2
Nadeem chownk,yeteeem khana,23 min,12.0
Nadeem chownk,awaan town,26 min,13.6
Nadeem chownk,dubai chownk,18 min,9.8
Nadeem chownk,asif block,18 min,9.7
Nadeem chownk,abu bkr chownk,22 min,11.7
Nadeem chownk,usman chownk,31 min,15.6
Nadeem chownk,Butt chownk,24 min,13.7
Nadeem chownk,Faisal Town,15 min,9.5
Nadeem chownk,Chungi amrsandu,13 min,7.1
Nadeem chownk,Ywanaabad,20 min,11.4
Nadeem chownk,kala shah kaku,39 min,39.1
Nadeem chownk,wahdatroad,12 min,7.4
Nadeem chownk,Ichraaa,16 min,10.8
Nadeem chownk,Jnazgah,16 min,10.8
Nadeem chownk,allama iqbal town,21 min,12.2
Nadeem chownk,dubai chownk,18 min,9.8
GPO,UET,10 min,5.4
GPO,Simla phari,5 min,2.3
GPO,Engneering University,39 min,24.0
GPO,Green Town,30 min,19.3
GPO,Sadiq Chownk,29 min,16.1
GPO,Barkat chownk,28 min,14.6
GPO,Town ship,23 min,13.4
GPO,Model Town,18 min,10.5
GPO,General Hospital,21 min,13.8
GPO,Muslim Town,12 min,5.9
GPO,Multan Chungi,20 min,5
GPO,Smanabad,10 min,5
GPO,Chuburji,5 min,1.9
GPO,MOA College,4 min,1.9
GPO,Sherakot,16 min,8.3
GPO,Liaqat chownk,17 min,5
GPO,Phela gol chakr samanbad,16 min,7.1
GPO,masjid kizra,15 min,6.4
GPO,gulashan ravi,13 min,5
GPO,yeteeem khana,16 min,5
GPO,awaan town,22 min,5
GPO,dubai chownk,16 min,5
GPO,asif block,18 min,5
GPO,abu bkr chownk,29 min,14.6
GPO,usman chownk,13 min,5.6
GPO,Butt chownk,29 min,16.4
GPO,Faisal Town,19 min,11.6
GPO,Chungi amrsandu,21 min,14.0
GPO,Ywanaabad,27 min,18.3
GPO,kala shah kaku,31 min,16.9
GPO,wahdatroad,16 min,8.1
GPO,Ichraaa,7 min,2.8
GPO,Jnazgah,7 min,2.8
GPO,allama iqbal town,19 min,5
GPO,dubai chownk,17 min,5
UET,Simla phari,9 min,4.0
UET,Engneering University,42 min,27.4
UET,Green Town,35 min,22.6
UET,Sadiq Chownk,31 min,19.5
UET,Barkat chownk,31 min,18.5
UET,Town ship,26 min,16.8
UET,Model Town,22 min,13.9
UET,General Hospital,26 min,17.1
UET,Muslim Town,17 min,9.8
UET,Multan Chungi,28 min,18.6
UET,Smanabad,22 min,5
UET,Chuburji,17 min,8.1
UET,MOA College,16 min,8.1
UET,Sherakot,28 min,14.5
UET,Liaqat chownk,30 min,5
UET,Phela gol chakr samanbad,15 min,6.8
UET,masjid kizra,7 min,2.3
UET,gulashan ravi,25 min,11.4
UET,yeteeem khana,28 min,5
UET,awaan town,34 min,5
UET,dubai chownk,24 min,14.2
UET,asif block,24 min,13.1
UET,abu bkr chownk,30 min,18.5
UET,usman chownk,17 min,6.4
UET,Butt chownk,32 min,19.8
UET,Faisal Town,22 min,15.0
UET,Chungi amrsandu,26 min,17.3
UET,Ywanaabad,32 min,21.6
UET,kala shah kaku,34 min,28.5
UET,wahdatroad,19 min,11.4
UET,Ichraaa,16 min,7.4
UET,Jnazgah,16 min,7.4
UET,allama iqbal town,27 min,16.7
UET,dubai chownk,24 min,14.3
Simla phari,Engneering University,37 min,24.1
Simla phari,Green Town,30 min,19.3
Simla phari,Sadiq Chownk,26 min,16.2
Simla phari,Barkat chownk,25 min,15.2
Simla phari,Town ship,20 min,13.4
Simla phari,Model Town,17 min,10.5
Simla phari,General Hospital,21 min,13.8
Simla phari,Muslim Town,11 min,6.4
Simla phari,Multan Chungi,22 min,15.3
Simla phari,Smanabad,15 min,6.2
Simla phari,Chuburji,10 min,4.3
Simla phari,MOA College,9 min,4.2
Simla phari,Sherakot,21 min,10.7
Simla phari,Liaqat chownk,23 min,5
Simla phari,Phela gol chakr samanbad,12 min,5.0
Simla phari,masjid kizra,11 min,4.1
Simla phari,gulashan ravi,18 min,7.5
Simla phari,yeteeem khana,22 min,5
Simla phari,awaan town,29 min,5
Simla phari,dubai chownk,19 min,10.9
Simla phari,asif block,18 min,9.8
Simla phari,abu bkr chownk,25 min,15.2
Simla phari,usman chownk,19 min,7.2
Simla phari,Butt chownk,26 min,16.5
Simla phari,Faisal Town,16 min,11.7
Simla phari,Chungi amrsandu,21 min,14.0
Simla phari,Ywanaabad,27 min,18.3
Simla phari,kala shah kaku,36 min,19.2
Simla phari,wahdatroad,14 min,8.1
Simla phari,Ichraaa,10 min,3.9
Simla phari,Jnazgah,10 min,3.9
Simla phari,allama iqbal town,24 min,5
Simla phari,dubai chownk,18 min,10.9
Engneering University,Green Town,17 min,7.3
Engneering University,Sadiq Chownk,19 min,8.3
Engneering University,Barkat chownk,23 min,9.4
Engneering University,Town ship,21 min,12.2
Engneering University,Model Town,27 min,14.6
Engneering University,General Hospital,30 min,15.1
Engneering University,Muslim Town,29 min,18.2
Engneering University,Multan Chungi,26 min,5
Engneering University,Smanabad,37 min,5
Engneering University,Chuburji,37 min,22.5
Engneering University,MOA College,40 min,23.9
Engneering University,Sherakot,28 min,20.4
Engneering University,Liaqat chownk,33 min,18.6
Engneering University,Phela gol chakr samanbad,42 min,38.0
Engneering University,masjid kizra,46 min,27.7
Engneering University,gulashan ravi,33 min,22.7
Engneering University,yeteeem khana,35 min,19.1
Engneering University,awaan town,34 min,18.7
Engneering University,dubai chownk,31 min,18.0
Engneering University,asif block,32 min,18.8
Engneering University,abu bkr chownk,23 min,9.4
Engneering University,usman chownk,47 min,30.6
Engneering University,Butt chownk,15 min,6.5
Engneering University,Faisal Town,24 min,13.2
Engneering University,Chungi amrsandu,30 min,15.3
Engneering University,Ywanaabad,21 min,13.6
Engneering University,kala shah kaku,48 min,44.7
Engneering University,wahdatroad,32 min,19.4
Engneering University,Ichraaa,36 min,22.1
Engneering University,Jnazgah,36 min,22.1
Engneering University,allama iqbal town,29 min,17.4
Engneering University,dubai chownk,31 min,18.0
Green Town,Sadiq Chownk,6 min,3.5
Green Town,Barkat chownk,10 min,4.6
Green Town,Town ship,12 min,6.2
Green Town,Model Town,15 min,8.2
Green Town,General Hospital,16 min,9.8
Green Town,Muslim Town,19 min,12.8
Green Town,Multan Chungi,22 min,12.7
Green Town,Smanabad,28 min,18.1
Green Town,Chuburji,25 min,17.2
Green Town,MOA College,28 min,18.5
Green Town,Sherakot,30 min,20.9
Green Town,Liaqat chownk,26 min,14.0
Green Town,Phela gol chakr samanbad,31 min,21.3
Green Town,masjid kizra,37 min,22.3
Green Town,gulashan ravi,32 min,19.5
Green Town,yeteeem khana,31 min,15.5
Green Town,awaan town,28 min,14.0
Green Town,dubai chownk,24 min,13.3
Green Town,asif block,26 min,14.1
Green Town,abu bkr chownk,9 min,4.6
Green Town,usman chownk,39 min,23.3
Green Town,Butt chownk,5 min,2.4
Green Town,Faisal Town,17 min,8.5
Green Town,Chungi amrsandu,16 min,10.0
Green Town,Ywanaabad,21 min,12.2
Green Town,kala shah kaku,49 min,45.6
Green Town,wahdatroad,19 min,13.0
Green Town,Ichraaa,24 min,16.7
Green Town,Jnazgah,24 min,16.7
Green Town,allama iqbal town,22 min,12.7
Green Town,dubai chownk,24 min,13.3
Sadiq Chownk,Barkat chownk,5 min,1.3
Sadiq Chownk,Town ship,7 min,2.8
Sadiq Chownk,Model Town,12 min,5.2
Sadiq Chownk,General Hospital,15 min,9.1
Sadiq Chownk,Muslim Town,19 min,12.1
Sadiq Chownk,Multan Chungi,18 min,9.2
Sadiq Chownk,Smanabad,26 min,12.9
Sadiq Chownk,Chuburji,25 min,16.4
Sadiq Chownk,MOA College,28 min,17.8
Sadiq Chownk,Sherakot,28 min,13.6
Sadiq Chownk,Liaqat chownk,22 min,10.5
Sadiq Chownk,Phela gol chakr samanbad,30 min,20.6
Sadiq Chownk,masjid kizra,37 min,21.5
Sadiq Chownk,gulashan ravi,31 min,18.8
Sadiq Chownk,yeteeem khana,25 min,12.0
Sadiq Chownk,awaan town,23 min,10.6
Sadiq Chownk,dubai chownk,20 min,9.9
Sadiq Chownk,asif block,21 min,10.7
Sadiq Chownk,abu bkr chownk,5 min,1.3
Sadiq Chownk,usman chownk,38 min,22.5
Sadiq Chownk,Butt chownk,4 min,1.8
Sadiq Chownk,Faisal Town,13 min,5.1
Sadiq Chownk,Chungi amrsandu,15 min,9.3
Sadiq Chownk,Ywanaabad,20 min,11.4
Sadiq Chownk,kala shah kaku,50 min,45.5
Sadiq Chownk,wahdatroad,18 min,12.3
Sadiq Chownk,Ichraaa,24 min,16.0
Sadiq Chownk,Jnazgah,24 min,16.0
Sadiq Chownk,allama iqbal town,18 min,9.2
Sadiq Chownk,dubai chownk,20 min,9.9
Barkat chownk,Town ship,5 min,1.6
Barkat chownk,Model Town,12 min,4.6
Barkat chownk,General Hospital,17 min,8.6
Barkat chownk,Muslim Town,18 min,8.8
Barkat chownk,Multan Chungi,15 min,8.0
Barkat chownk,Smanabad,24 min,11.6
Barkat chownk,Chuburji,24 min,13.5
Barkat chownk,MOA College,27 min,14.9
Barkat chownk,Sherakot,26 min,12.3
Barkat chownk,Liaqat chownk,20 min,9.2
Barkat chownk,Phela gol chakr samanbad,28 min,17.3
Barkat chownk,masjid kizra,35 min,18.2
Barkat chownk,gulashan ravi,30 min,13.9
Barkat chownk,yeteeem khana,23 min,10.7
Barkat chownk,awaan town,20 min,9.3
Barkat chownk,dubai chownk,18 min,8.6
Barkat chownk,asif block,18 min,9.4
Barkat chownk,usman chownk,38 min,19.6
Barkat chownk,Butt chownk,7 min,2.4
Barkat chownk,Faisal Town,10 min,3.8
Barkat chownk,Chungi amrsandu,17 min,8.8
Barkat chownk,Ywanaabad,23 min,12.0
Barkat chownk,kala shah kaku,49 min,45.9
Barkat chownk,wahdatroad,18 min,9.4
Barkat chownk,Ichraaa,23 min,13.0
Barkat chownk,Jnazgah,23 min,13.0
Barkat chownk,allama iqbal town,16 min,8.0
Barkat chownk,dubai chownk,18 min,8.6
Town ship,Model Town,8 min,3.6
Town ship,General Hospital,13 min,7.8
Town ship,Muslim Town,16 min,8.3
Town ship,Multan Chungi,14 min,7.2
Town ship,Smanabad,23 min,10.9
Town ship,Chuburji,22 min,12.6
Town ship,MOA College,24 min,14.0
Town ship,Sherakot,25 min,11.6
Town ship,Liaqat chownk,19 min,8.5
Town ship,Phela gol chakr samanbad,25 min,16.2
Town ship,masjid kizra,32 min,17.2
Town ship,gulashan ravi,27 min,14.8
Town ship,yeteeem khana,22 min,10.0
Town ship,awaan town,19 min,8.5
Town ship,dubai chownk,17 min,7.9
Town ship,asif block,16 min,7.8
Town ship,abu bkr chownk,7 min,1.5
Town ship,usman chownk,36 min,18.8
Town ship,Butt chownk,10 min,4.0
Town ship,Faisal Town,9 min,3.8
Town ship,Chungi amrsandu,13 min,8.0
Town ship,Ywanaabad,19 min,12.3
Town ship,kala shah kaku,48 min,45.2
Town ship,wahdatroad,15 min,8.5
Town ship,Ichraaa,21 min,12.2
Town ship,Jnazgah,21 min,12.2
Town ship,allama iqbal town,15 min,7.2
Town ship,dubai chownk,17 min,7.9
Model Town,General Hospital,13 min,7.8
Model Town,Muslim Town,8 min,4.8
Model Town,Multan Chungi,13 min,7.2
Model Town,Smanabad,17 min,10.0
Model Town,Chuburji,14 min,9.1
Model Town,MOA College,17 min,10.5
Model Town,Sherakot,24 min,11.6
Model Town,Liaqat chownk,17 min,8.5
Model Town,Phela gol chakr samanbad,20 min,13.2
Model Town,masjid kizra,27 min,14.2
Model Town,gulashan ravi,20 min,11.4
Model Town,yeteeem khana,17 min,7.9
Model Town,awaan town,19 min,8.6
Model Town,dubai chownk,12 min,5.7
Model Town,asif block,12 min,5.7
Model Town,abu bkr chownk,11 min,4.6
Model Town,usman chownk,28 min,15.2
Model Town,Butt chownk,14 min,6.1
Model Town,Faisal Town,6 min,3.0
Model Town,Chungi amrsandu,13 min,8.0
Model Town,Ywanaabad,19 min,12.3
Model Town,kala shah kaku,45 min,26.5
Model Town,wahdatroad,8 min,5.0
Model Town,Ichraaa,13 min,8.6
Model Town,Jnazgah,13 min,8.6
Model Town,allama iqbal town,13 min,7.2
Model Town,dubai chownk,12 min,5.7
General Hospital,Muslim Town,11 min,8.0
General Hospital,Multan Chungi,22 min,14.5
General Hospital,Smanabad,20 min,13.3
General Hospital,Chuburji,17 min,12.3
General Hospital,MOA College,20 min,13.7
General Hospital,Sherakot,28 min,17.4
General Hospital,Liaqat chownk,26 min,14.6
General Hospital,Phela gol chakr samanbad,23 min,12.2
General Hospital,masjid kizra,30 min,17.4
General Hospital,gulashan ravi,24 min,14.7
General Hospital,yeteeem khana,24 min,14.1
General Hospital,awaan town,28 min,14.3
General Hospital,dubai chownk,18 min,11.9
General Hospital,asif block,17 min,11.4
General Hospital,abu bkr chownk,13 min,7.4
General Hospital,usman chownk,31 min,18.4
General Hospital,Butt chownk,16 min,9.9
General Hospital,Faisal Town,15 min,10.3
General Hospital,Ywanaabad,10 min,6.6
General Hospital,kala shah kaku,48 min,29.7
General Hospital,wahdatroad,11 min,8.2
General Hospital,Ichraaa,16 min,11.9
General Hospital,Jnazgah,16 min,11.9
General Hospital,allama iqbal town,22 min,13.0
General Hospital,dubai chownk,18 min,11.9
Muslim Town,Multan Chungi,13 min,6.3
Muslim Town,Smanabad,13 min,6.5
Muslim Town,Chuburji,10 min,5.6
Muslim Town,MOA College,13 min,6.9
Muslim Town,Sherakot,21 min,9.7
Muslim Town,Liaqat chownk,15 min,6.6
Muslim Town,Phela gol chakr samanbad,15 min,10.0
Muslim Town,masjid kizra,22 min,11.0
Muslim Town,gulashan ravi,16 min,7.9
Muslim Town,yeteeem khana,13 min,6.0
Muslim Town,awaan town,18 min,7.6
Muslim Town,dubai chownk,8 min,3.8
Muslim Town,asif block,7 min,3.4
Muslim Town,abu bkr chownk,19 min,9.8
Muslim Town,usman chownk,24 min,11.7
Muslim Town,Butt chownk,20 min,11.0
Muslim Town,Faisal Town,10 min,6.2
Muslim Town,Chungi amrsandu,15 min,9.5
Muslim Town,Ywanaabad,20 min,13.8
Muslim Town,kala shah kaku,41 min,22.9
Muslim Town,Ichraaa,9 min,5.1
Muslim Town,Jnazgah,9 min,5.1
Muslim Town,allama iqbal town,12 min,6.3
Muslim Town,dubai chownk,8 min,3.8
Multan Chungi,Smanabad,14 min,5
Multan Chungi,Chuburji,18 min,5
Multan Chungi,MOA College,23 min,5
Multan Chungi,Sherakot,17 min,5
Multan Chungi,Liaqat chownk,10 min,5
Multan Chungi,Phela gol chakr samanbad,25 min,18.9
Multan Chungi,masjid kizra,32 min,19.9
Multan Chungi,gulashan ravi,19 min,5
Multan Chungi,yeteeem khana,13 min,5
Multan Chungi,awaan town,11 min,5
Multan Chungi,dubai chownk,12 min,5
Multan Chungi,asif block,13 min,6.4
Multan Chungi,abu bkr chownk,21 min,9.5
Multan Chungi,usman chownk,34 min,17.9
Multan Chungi,Butt chownk,21 min,5
Multan Chungi,Faisal Town,12 min,6.0
Multan Chungi,Chungi amrsandu,25 min,16.4
Multan Chungi,Ywanaabad,31 min,20.7
Multan Chungi,kala shah kaku,40 min,33.2
Multan Chungi,wahdatroad,18 min,11.6
Multan Chungi,Ichraaa,22 min,5
Multan Chungi,Jnazgah,22 min,5
Multan Chungi,allama iqbal town,7 min,5
Multan Chungi,dubai chownk,12 min,5
Smanabad,Chuburji,4 min,5
Smanabad,MOA College,8 min,5
Smanabad,Sherakot,11 min,5.0
Smanabad,Liaqat chownk,12 min,5
Smanabad,Phela gol chakr samanbad,21 min,12.9
Smanabad,masjid kizra,24 min,5
Smanabad,gulashan ravi,5 min,2.3
Smanabad,yeteeem khana,10 min,2.4
Smanabad,awaan town,18 min,5
Smanabad,dubai chownk,10 min,5
Smanabad,asif block,12 min,5
Smanabad,abu bkr chownk,28 min,5
Smanabad,usman chownk,19 min,5
Smanabad,Butt chownk,29 min,5
Smanabad,Faisal Town,19 min,5
Smanabad,Chungi amrsandu,23 min,14.8
Smanabad,Ywanaabad,29 min,19.0
Smanabad,kala shah kaku,34 min,30.6
Smanabad,wahdatroad,17 min,8.8
Smanabad,Ichraaa,7 min,5
Smanabad,Jnazgah,7 min,5
Smanabad,allama iqbal town,13 min,5
Smanabad,dubai chownk,11 min,5
Chuburji,MOA College,4 min,1.9
Chuburji,Sherakot,14 min,6.4
Chuburji,Liaqat chownk,13 min,5
Chuburji,Phela gol chakr samanbad,17 min,11.1
Chuburji,masjid kizra,20 min,8.6
Chuburji,gulashan ravi,9 min,5
Chuburji,yeteeem khana,12 min,5
Chuburji,awaan town,19 min,5
Chuburji,dubai chownk,11 min,5
Chuburji,asif block,13 min,5
Chuburji,abu bkr chownk,26 min,13.8
Chuburji,usman chownk,15 min,6.6
Chuburji,Butt chownk,26 min,15.6
Chuburji,Faisal Town,17 min,10.8
Chuburji,Chungi amrsandu,20 min,13.2
Chuburji,Ywanaabad,25 min,17.5
Chuburji,kala shah kaku,33 min,17.9
Chuburji,wahdatroad,14 min,7.2
Chuburji,allama iqbal town,14 min,5
Chuburji,dubai chownk,12 min,5
MOA College,Sherakot,16 min,7.4
MOA College,Liaqat chownk,15 min,6.7
MOA College,Phela gol chakr samanbad,18 min,11.3
MOA College,masjid kizra,19 min,7.7
MOA College,gulashan ravi,11 min,5
MOA College,yeteeem khana,14 min,5
MOA College,awaan town,20 min,5
MOA College,dubai chownk,13 min,5
MOA College,asif block,16 min,5
MOA College,abu bkr chownk,27 min,14.0
MOA College,usman chownk,13 min,5.8
MOA College,Butt chownk,27 min,15.8
MOA College,Faisal Town,17 min,11.0
MOA College,Chungi amrsandu,20 min,13.4
MOA College,Ichraaa,5 min,2.3
MOA College,Jnazgah,5 min,2.3
MOA College,allama iqbal town,16 min,5
MOA College,dubai chownk,14 min,5
Sherakot,Liaqat chownk,12 min,5.8
Sherakot,Phela gol chakr samanbad,28 min,16.2
Sherakot,masjid kizra,30 min,14.0
Sherakot,gulashan ravi,5 min,2.3
Sherakot,yeteeem khana,13 min,5.1
Sherakot,awaan town,17 min,7.6
Sherakot,dubai chownk,15 min,7.2
Sherakot,asif block,17 min,5
Sherakot,abu bkr chownk,32 min,5
Sherakot,usman chownk,18 min,10.3
Sherakot,Butt chownk,32 min,5
Sherakot,Faisal Town,24 min,5
Sherakot,Chungi amrsandu,29 min,18.0
Sherakot,Ywanaabad,35 min,22.3
Sherakot,kala shah kaku,31 min,19.1
Sherakot,wahdatroad,24 min,12.1
Sherakot,Ichraaa,14 min,6.4
Sherakot,Jnazgah,14 min,6.4
Sherakot,allama iqbal town,17 min,5
Sherakot,dubai chownk,16 min,5
Liaqat chownk,Phela gol chakr samanbad,26 min,16.0
Liaqat chownk,masjid kizra,31 min,5
Liaqat chownk,gulashan ravi,11 min,5.4
Liaqat chownk,yeteeem khana,6 min,5
Liaqat chownk,awaan town,7 min,2.6
Liaqat chownk,dubai chownk,6 min,2.7
Liaqat chownk,asif block,9 min,3.7
Liaqat chownk,abu bkr chownk,20 min,9.6
Liaqat chownk,usman chownk,25 min,13.3
Liaqat chownk,Butt chownk,21 min,10.8
Liaqat chownk,Faisal Town,12 min,6.0
Liaqat chownk,Chungi amrsandu,25 min,13.7
Liaqat chownk,Ywanaabad,31 min,18.0
Liaqat chownk,kala shah kaku,30 min,28.7
Liaqat chownk,wahdatroad,18 min,8.5
Liaqat chownk,Ichraaa,14 min,5
Liaqat chownk,Jnazgah,14 min,5
Liaqat chownk,allama iqbal town,5 min,2.1
Liaqat chownk,dubai chownk,7 min,2.9
Phela gol chakr samanbad,masjid kizra,17 min,7.9
Phela gol chakr samanbad,gulashan ravi,25 min,13.2
Phela gol chakr samanbad,yeteeem khana,25 min,14.0
Phela gol chakr samanbad,awaan town,28 min,15.6
Phela gol chakr samanbad,dubai chownk,20 min,11.8
Phela gol chakr samanbad,asif block,20 min,10.7
Phela gol chakr samanbad,abu bkr chownk,26 min,16.1
Phela gol chakr samanbad,usman chownk,27 min,10.3
Phela gol chakr samanbad,Butt chownk,27 min,17.4
Phela gol chakr samanbad,Faisal Town,18 min,12.6
Phela gol chakr samanbad,Chungi amrsandu,23 min,12.2
Phela gol chakr samanbad,Ywanaabad,29 min,16.5
Phela gol chakr samanbad,kala shah kaku,34 min,33.7
Phela gol chakr samanbad,wahdatroad,16 min,9.0
Phela gol chakr samanbad,Ichraaa,19 min,10.8
Phela gol chakr samanbad,Jnazgah,19 min,10.8
Phela gol chakr samanbad,allama iqbal town,24 min,14.3
Phela gol chakr samanbad,dubai chownk,20 min,11.8
masjid kizra,gulashan ravi,27 min,11.1
masjid kizra,yeteeem khana,29 min,5
masjid kizra,awaan town,35 min,15.4
masjid kizra,dubai chownk,26 min,14.2
masjid kizra,asif block,26 min,13.1
masjid kizra,abu bkr chownk,32 min,18.5
masjid kizra,usman chownk,18 min,5.5
masjid kizra,Butt chownk,33 min,19.8
masjid kizra,Faisal Town,24 min,15.0
masjid kizra,Chungi amrsandu,30 min,17.3
masjid kizra,Ywanaabad,35 min,21.6
masjid kizra,kala shah kaku,35 min,27.8
masjid kizra,wahdatroad,22 min,11.4
masjid kizra,Ichraaa,19 min,7.4
masjid kizra,Jnazgah,19 min,7.4
masjid kizra,allama iqbal town,29 min,16.6
masjid kizra,dubai chownk,26 min,14.2
gulashan ravi,yeteeem khana,11 min,4.2
gulashan ravi,awaan town,15 min,6.7
gulashan ravi,dubai chownk,12 min,5
gulashan ravi,asif block,14 min,5
gulashan ravi,abu bkr chownk,29 min,5
gulashan ravi,usman chownk,18 min,10.0
gulashan ravi,Butt chownk,30 min,5
gulashan ravi,Faisal Town,21 min,5
gulashan ravi,Chungi amrsandu,27 min,16.3
gulashan ravi,Ywanaabad,33 min,20.6
gulashan ravi,kala shah kaku,30 min,28.4
gulashan ravi,wahdatroad,22 min,10.4
gulashan ravi,Ichraaa,11 min,5
gulashan ravi,Jnazgah,11 min,5
gulashan ravi,allama iqbal town,15 min,7.0
gulashan ravi,dubai chownk,13 min,5
yeteeem khana,awaan town,15 min,5.8
yeteeem khana,dubai chownk,8 min,5
yeteeem khana,asif block,10 min,5
yeteeem khana,abu bkr chownk,25 min,12.0
yeteeem khana,usman chownk,25 min,12.7
yeteeem khana,Butt chownk,26 min,13.2
yeteeem khana,Faisal Town,17 min,5
yeteeem khana,Chungi amrsandu,27 min,14.0
yeteeem khana,Ywanaabad,33 min,18.3
yeteeem khana,kala shah kaku,30 min,28.1
yeteeem khana,wahdatroad,19 min,8.9
yeteeem khana,Ichraaa,12 min,5
yeteeem khana,Jnazgah,12 min,5
yeteeem khana,allama iqbal town,11 min,5
yeteeem khana,dubai chownk,9 min,5
awaan town,dubai chownk,15 min,5.9
awaan town,asif block,16 min,6.6
awaan town,abu bkr chownk,26 min,11.4
awaan town,usman chownk,34 min,17.3
awaan town,Butt chownk,27 min,12.6
awaan town,Faisal Town,18 min,7.8
awaan town,Chungi amrsandu,33 min,17.9
awaan town,Ywanaabad,38 min,19.8
awaan town,kala shah kaku,40 min,32.6
awaan town,wahdatroad,24 min,13.1
awaan town,Ichraaa,24 min,5
awaan town,Jnazgah,24 min,5
awaan town,allama iqbal town,11 min,3.9
awaan town,dubai chownk,15 min,5.9
dubai chownk,abu bkr chownk,18 min,8.8
dubai chownk,usman chownk,26 min,5
dubai chownk,Butt chownk,19 min,10.1
dubai chownk,Faisal Town,10 min,5.3
dubai chownk,Chungi amrsandu,19 min,11.0
dubai chownk,Ywanaabad,25 min,15.3
dubai chownk,kala shah kaku,37 min,31.5
dubai chownk,wahdatroad,11 min,5.8
dubai chownk,Ichraaa,14 min,5
dubai chownk,Jnazgah,14 min,5
dubai chownk,allama iqbal town,6 min,2.8
asif block,abu bkr chownk,17 min,8.8
asif block,usman chownk,27 min,13.5
asif block,Butt chownk,18 min,10.1
asif block,Faisal Town,9 min,5.3
asif block,Chungi amrsandu,17 min,10.1
asif block,Ywanaabad,23 min,14.4
asif block,kala shah kaku,39 min,32.6
asif block,wahdatroad,9 min,4.9
asif block,Ichraaa,12 min,6.9
asif block,Jnazgah,12 min,6.9
asif block,allama iqbal town,8 min,3.9
asif block,dubai chownk,3 min,1.2
abu bkr chownk,usman chownk,37 min,19.6
abu bkr chownk,Butt chownk,6 min,2.4
abu bkr chownk,Faisal Town,10 min,3.8
abu bkr chownk,Chungi amrsandu,16 min,8.8
abu bkr chownk,Ywanaabad,22 min,12.0
abu bkr chownk,kala shah kaku,48 min,45.9
abu bkr chownk,wahdatroad,17 min,9.4
abu bkr chownk,Ichraaa,22 min,13.0
abu bkr chownk,Jnazgah,22 min,13.0
abu bkr chownk,allama iqbal town,15 min,8.0
abu bkr chownk,dubai chownk,17 min,8.6
usman chownk,Butt chownk,38 min,20.8
usman chownk,Faisal Town,30 min,16.0
usman chownk,Chungi amrsandu,32 min,18.4
usman chownk,Ywanaabad,38 min,22.7
usman chownk,kala shah kaku,27 min,15.1
usman chownk,wahdatroad,27 min,12.4
usman chownk,Ichraaa,17 min,5
usman chownk,Jnazgah,17 min,5
usman chownk,allama iqbal town,26 min,5
usman chownk,dubai chownk,25 min,11.0
Butt chownk,Faisal Town,12 min,5.3
Butt chownk,Chungi amrsandu,18 min,11.0
Butt chownk,Ywanaabad,22 min,13.1
Butt chownk,kala shah kaku,47 min,44.8
Butt chownk,wahdatroad,19 min,10.8
Butt chownk,Ichraaa,25 min,14.5
Butt chownk,Jnazgah,25 min,14.5
Butt chownk,allama iqbal town,18 min,9.5
Butt chownk,dubai chownk,20 min,10.1
Faisal Town,Chungi amrsandu,16 min,9.7
Faisal Town,Ywanaabad,21 min,11.9
Faisal Town,kala shah kaku,41 min,42.8
Faisal Town,wahdatroad,11 min,7.4
Faisal Town,Ichraaa,16 min,10.7
Faisal Town,Jnazgah,16 min,10.7
Faisal Town,allama iqbal town,8 min,4.8
Faisal Town,dubai chownk,11 min,5.5
Chungi amrsandu,Ywanaabad,6 min,4.3
Chungi amrsandu,kala shah kaku,44 min,47.8
Chungi amrsandu,wahdatroad,14 min,10.1
Chungi amrsandu,Ichraaa,19 min,13.8
Chungi amrsandu,Jnazgah,19 min,13.8
Chungi amrsandu,allama iqbal town,24 min,14.9
Chungi amrsandu,dubai chownk,20 min,12.5
Ywanaabad,kala shah kaku,45 min,54.1
Ywanaabad,wahdatroad,19 min,13.2
Ywanaabad,Ichraaa,25 min,16.9
Ywanaabad,Jnazgah,25 min,16.9
Ywanaabad,allama iqbal town,28 min,15.9
Ywanaabad,dubai chownk,26 min,16.9
kala shah kaku,wahdatroad,47 min,46.4
kala shah kaku,Ichraaa,42 min,5
kala shah kaku,Jnazgah,42 min,5
kala shah kaku,allama iqbal town,39 min,36.9
kala shah kaku,dubai chownk,40 min,37.6
wahdatroad,Ichraaa,9 min,4.9
wahdatroad,Jnazgah,9 min,4.9
wahdatroad,allama iqbal town,11 min,6.1
wahdatroad,dubai chownk,7 min,3.7
Ichraaa,allama iqbal town,15 min,7.2
Ichraaa,dubai chownk,13 min,5
Jnazgah,allama iqbal town,15 min,7.2
Jnazgah,dubai chownk,13 min,5
allama iqbal town,dubai chownk,8 min,3.2
